source,taxonomy,window,code,name,taxonomy_class,measure_class,n_facts,n_filings,resolved_id,tier,confidence,rule,seen_in_train,in_crosswalk,declared_out_of_core,baseline_naive,gold
eurostat_cofog,gfs,holdout,TOTAL,Total,standard,monetary,2456,30,,escalated,0.0,,True,False,False,,
eurostat_cofog,gfs,holdout,GF07,Health,standard,monetary,2408,30,,escalated,0.0,,True,False,False,,
eurostat_cofog,gfs,holdout,GF10,Social protection,standard,monetary,2408,30,,escalated,0.0,,True,False,False,,
eurostat_cofog,gfs,holdout,GF08,"Recreation, culture and religion",standard,monetary,2404,30,,escalated,0.0,,True,False,False,,
eurostat_cofog,gfs,holdout,GF09,Education,standard,monetary,2403,30,,escalated,0.0,,True,False,False,,
eurostat_cofog,gfs,holdout,GF04,Economic affairs,standard,monetary,2390,30,,escalated,0.0,,True,False,False,,
eurostat_cofog,gfs,holdout,GF0802,Cultural services,standard,monetary,2374,30,,escalated,0.0,,True,False,False,,
eurostat_cofog,gfs,holdout,GF0703,Hospital services,standard,monetary,2372,30,,escalated,0.0,,True,False,False,,
eurostat_cofog,gfs,holdout,GF1002,Old age,standard,monetary,2370,30,,escalated,0.0,,True,False,False,,
eurostat_cofog,gfs,holdout,GF0801,Recreational and sporting services,standard,monetary,2365,30,,escalated,0.0,,True,False,False,,
eurostat_cofog,gfs,holdout,GF1004,Family and children,standard,monetary,2360,30,,escalated,0.0,,True,False,False,,
eurostat_cofog,gfs,holdout,GF0904,Tertiary education,standard,monetary,2359,30,,escalated,0.0,,True,False,False,,
eurostat_cofog,gfs,holdout,GF1001,Sickness and disability,standard,monetary,2359,30,,escalated,0.0,,True,False,False,,
eurostat_cofog,gfs,holdout,GF01,General public services,standard,monetary,2357,30,,escalated,0.0,,True,False,False,,
eurostat_cofog,gfs,holdout,GF1007,Social exclusion n.e.c.,standard,monetary,2357,30,,escalated,0.0,,True,False,False,,
eurostat_cofog,gfs,holdout,GF05,Environmental protection,standard,monetary,2352,30,,escalated,0.0,,True,False,False,,
eurostat_cofog,gfs,holdout,GF0702,Outpatient services,standard,monetary,2351,30,,escalated,0.0,,True,False,False,,
eurostat_cofog,gfs,holdout,GF0901,Pre-primary and primary education,standard,monetary,2350,30,,escalated,0.0,,True,False,False,,
eurostat_cofog,gfs,holdout,GF0902,Secondary education,standard,monetary,2348,30,,escalated,0.0,,True,False,False,,
eurostat_cofog,gfs,holdout,GF0905,Education not definable by level,standard,monetary,2348,30,,escalated,0.0,,True,False,False,,
eurostat_cofog,gfs,holdout,GF0906,Subsidiary services to education,standard,monetary,2348,30,,escalated,0.0,,True,False,False,,
eurostat_cofog,gfs,holdout,GF1009,Social protection n.e.c.,standard,monetary,2347,30,,escalated,0.0,,True,False,False,,
eurostat_cofog,gfs,holdout,GF1006,Housing,standard,monetary,2343,30,,escalated,0.0,,True,False,False,,
eurostat_cofog,gfs,holdout,GF0704,Public health services,standard,monetary,2342,30,,escalated,0.0,,True,False,False,,
eurostat_cofog,gfs,holdout,GF06,Housing and community amenities,standard,monetary,2340,30,,escalated,0.0,,True,False,False,,
eurostat_cofog,gfs,holdout,GF0101,"Executive and legislative organs, financial and fiscal affairs, external affairs",standard,monetary,2338,30,,escalated,0.0,,True,False,False,,
eurostat_cofog,gfs,holdout,GF0506,Environmental protection n.e.c.,standard,monetary,2338,30,,escalated,0.0,,True,False,False,,
eurostat_cofog,gfs,holdout,GF0401,"General economic, commercial and labour affairs",standard,monetary,2335,30,,escalated,0.0,,True,False,False,,
eurostat_cofog,gfs,holdout,GF0405,Transport,standard,monetary,2334,30,,escalated,0.0,,True,False,False,,
eurostat_cofog,gfs,holdout,GF0706,Health n.e.c.,standard,monetary,2332,30,,escalated,0.0,,True,False,False,,
eurostat_cofog,gfs,holdout,GF0804,Religious and other community services,standard,monetary,2332,30,,escalated,0.0,,True,False,False,,
eurostat_cofog,gfs,holdout,GF0501,Waste management,standard,monetary,2330,30,,escalated,0.0,,True,False,False,,
eurostat_cofog,gfs,holdout,GF03,Public order and safety,standard,monetary,2329,30,,escalated,0.0,,True,False,False,,
eurostat_cofog,gfs,holdout,GF0407,Other industries,standard,monetary,2328,30,,escalated,0.0,,True,False,False,,
eurostat_cofog,gfs,holdout,GF0601,Housing development,standard,monetary,2328,30,,escalated,0.0,,True,False,False,,
eurostat_cofog,gfs,holdout,GF0402,"Agriculture, forestry, fishing and hunting",standard,monetary,2327,30,,escalated,0.0,,True,False,False,,
eurostat_cofog,gfs,holdout,GF0602,Community development,standard,monetary,2327,30,,escalated,0.0,,True,False,False,,
eurostat_cofog,gfs,holdout,GF1005,Unemployment,standard,monetary,2325,30,,escalated,0.0,,True,False,False,,
eurostat_cofog,gfs,holdout,GF0606,Housing and community amenities n.e.c.,standard,monetary,2324,30,,escalated,0.0,,True,False,False,,
eurostat_cofog,gfs,holdout,GF0603,Water supply,standard,monetary,2323,30,,escalated,0.0,,True,False,False,,
eurostat_cofog,gfs,holdout,GF0908,Education n.e.c.,standard,monetary,2323,30,,escalated,0.0,,True,False,False,,
eurostat_cofog,gfs,holdout,GF0106,General public services n.e.c.,standard,monetary,2319,30,,escalated,0.0,,True,False,False,,
eurostat_cofog,gfs,holdout,GF02,Defence,standard,monetary,2317,30,,escalated,0.0,,True,False,False,,
eurostat_cofog,gfs,holdout,GF0403,Fuel and energy,standard,monetary,2317,30,,escalated,0.0,,True,False,False,,
eurostat_cofog,gfs,holdout,GF0803,Broadcasting and publishing services,standard,monetary,2315,30,,escalated,0.0,,True,False,False,,
eurostat_cofog,gfs,holdout,GF0104,Basic research,standard,monetary,2314,30,,escalated,0.0,,True,False,False,,
eurostat_cofog,gfs,holdout,GF0103,General services,standard,monetary,2313,30,,escalated,0.0,,True,False,False,,
eurostat_cofog,gfs,holdout,GF0406,Communication,standard,monetary,2312,30,,escalated,0.0,,True,False,False,,
eurostat_cofog,gfs,holdout,GF0903,Post-secondary non-tertiary education,standard,monetary,2308,29,,escalated,0.0,,True,False,False,,
eurostat_cofog,gfs,holdout,GF0302,Fire-protection services,standard,monetary,2307,30,,escalated,0.0,,True,False,False,,
eurostat_cofog,gfs,holdout,GF0404,"Mining, manufacturing and construction",standard,monetary,2307,30,,escalated,0.0,,True,False,False,,
eurostat_cofog,gfs,holdout,GF0907,R&D Education,standard,monetary,2306,30,,escalated,0.0,,True,False,False,,
eurostat_cofog,gfs,holdout,GF0306,Public order and safety n.e.c.,standard,monetary,2303,30,,escalated,0.0,,True,False,False,,
eurostat_cofog,gfs,holdout,GF0502,Waste water management,standard,monetary,2301,30,,escalated,0.0,,True,False,False,,
eurostat_cofog,gfs,holdout,GF0201,Military defence,standard,monetary,2300,30,,escalated,0.0,,True,False,False,,
eurostat_cofog,gfs,holdout,GF0504,Protection of biodiversity and landscape,standard,monetary,2299,30,,escalated,0.0,,True,False,False,,
eurostat_cofog,gfs,holdout,GF0301,Police services,standard,monetary,2296,30,,escalated,0.0,,True,False,False,,
eurostat_cofog,gfs,holdout,GF0303,Law courts,standard,monetary,2296,30,,escalated,0.0,,True,False,False,,
eurostat_cofog,gfs,holdout,GF0205,Defence n.e.c.,standard,monetary,2290,30,,escalated,0.0,,True,False,False,,
eurostat_cofog,gfs,holdout,GF0304,Prisons,standard,monetary,2288,30,,escalated,0.0,,True,False,False,,
eurostat_cofog,gfs,holdout,GF0604,Street lighting,standard,monetary,2286,30,,escalated,0.0,,True,False,False,,
eurostat_cofog,gfs,holdout,GF0305,R&D Public order and safety,standard,monetary,2285,30,,escalated,0.0,,True,False,False,,
eurostat_cofog,gfs,holdout,GF0806,"Recreation, culture and religion n.e.c.",standard,monetary,2285,29,,escalated,0.0,,True,False,False,,
eurostat_cofog,gfs,holdout,GF0408,R&D Economic affairs,standard,monetary,2284,30,,escalated,0.0,,True,False,False,,
eurostat_cofog,gfs,holdout,GF0701,"Medical products, appliances and equipment",standard,monetary,2284,30,,escalated,0.0,,True,False,False,,
eurostat_cofog,gfs,holdout,GF0203,Foreign military aid,standard,monetary,2279,30,,escalated,0.0,,True,False,False,,
eurostat_cofog,gfs,holdout,GF1003,Survivors,standard,monetary,2278,30,,escalated,0.0,,True,False,False,,
eurostat_cofog,gfs,holdout,GF0503,Pollution abatement,standard,monetary,2264,29,,escalated,0.0,,True,False,False,,
eurostat_cofog,gfs,holdout,GF0705,R&D Health,standard,monetary,2262,29,,escalated,0.0,,True,False,False,,
eurostat_cofog,gfs,holdout,GF0505,R&D Environmental protection,standard,monetary,2259,30,,escalated,0.0,,True,False,False,,
eurostat_cofog,gfs,holdout,GF0102,Foreign economic aid,standard,monetary,2257,30,,escalated,0.0,,True,False,False,,
eurostat_cofog,gfs,holdout,GF0805,"R&D Recreation, culture and religion",standard,monetary,2253,30,,escalated,0.0,,True,False,False,,
eurostat_cofog,gfs,holdout,GF0202,Civil defence,standard,monetary,2250,29,,escalated,0.0,,True,False,False,,
eurostat_cofog,gfs,holdout,GF0409,Economic affairs n.e.c.,standard,monetary,2249,29,,escalated,0.0,,True,False,False,,
eurostat_cofog,gfs,holdout,GF0204,R&D Defence,standard,monetary,2248,29,,escalated,0.0,,True,False,False,,
eurostat_cofog,gfs,holdout,GF0107,Public debt transactions,standard,monetary,2241,30,,escalated,0.0,,True,False,False,,
eurostat_cofog,gfs,holdout,GF1008,R&D Social protection,standard,monetary,2211,29,,escalated,0.0,,True,False,False,,
eurostat_cofog,gfs,holdout,GF0105,R&D General public services,standard,monetary,2208,29,,escalated,0.0,,True,False,False,,
eurostat_cofog,gfs,holdout,GF0605,R&D Housing and community amenities,standard,monetary,2200,28,,escalated,0.0,,True,False,False,,
eurostat_cofog,gfs,holdout,GF0108,Transfers of a general character between different levels of government,standard,monetary,2188,28,,escalated,0.0,,True,False,False,,
eurostat_cofog,gfs,train,TOTAL,Total,standard,monetary,15417,30,,escalated,0.0,,True,False,False,,
eurostat_cofog,gfs,train,GF10,Social protection,standard,monetary,15065,30,,escalated,0.0,,True,False,False,,
eurostat_cofog,gfs,train,GF07,Health,standard,monetary,15022,30,,escalated,0.0,,True,False,False,,
eurostat_cofog,gfs,train,GF08,"Recreation, culture and religion",standard,monetary,15005,30,,escalated,0.0,,True,False,False,,
eurostat_cofog,gfs,train,GF09,Education,standard,monetary,15000,30,,escalated,0.0,,True,False,False,,
eurostat_cofog,gfs,train,GF01,General public services,standard,monetary,14777,30,,escalated,0.0,,True,False,False,,
eurostat_cofog,gfs,train,GF04,Economic affairs,standard,monetary,14617,30,,escalated,0.0,,True,False,False,,
eurostat_cofog,gfs,train,GF06,Housing and community amenities,standard,monetary,14574,30,,escalated,0.0,,True,False,False,,
eurostat_cofog,gfs,train,GF05,Environmental protection,standard,monetary,14564,30,,escalated,0.0,,True,False,False,,
eurostat_cofog,gfs,train,GF03,Public order and safety,standard,monetary,14534,30,,escalated,0.0,,True,False,False,,
eurostat_cofog,gfs,train,GF02,Defence,standard,monetary,14404,30,,escalated,0.0,,True,False,False,,
eurostat_cofog,gfs,train,GF0802,Cultural services,standard,monetary,13590,30,,escalated,0.0,,True,False,False,,
eurostat_cofog,gfs,train,GF0801,Recreational and sporting services,standard,monetary,13583,30,,escalated,0.0,,True,False,False,,
eurostat_cofog,gfs,train,GF0703,Hospital services,standard,monetary,13558,30,,escalated,0.0,,True,False,False,,
eurostat_cofog,gfs,train,GF1002,Old age,standard,monetary,13550,30,,escalated,0.0,,True,False,False,,
eurostat_cofog,gfs,train,GF1004,Family and children,standard,monetary,13540,30,,escalated,0.0,,True,False,False,,
eurostat_cofog,gfs,train,GF0904,Tertiary education,standard,monetary,13531,30,,escalated,0.0,,True,False,False,,
eurostat_cofog,gfs,train,GF0702,Outpatient services,standard,monetary,13522,30,,escalated,0.0,,True,False,False,,
eurostat_cofog,gfs,train,GF0902,Secondary education,standard,monetary,13487,30,,escalated,0.0,,True,False,False,,
eurostat_cofog,gfs,train,GF0101,"Executive and legislative organs, financial and fiscal affairs, external affairs",standard,monetary,13484,30,,escalated,0.0,,True,False,False,,
eurostat_cofog,gfs,train,GF0906,Subsidiary services to education,standard,monetary,13462,30,,escalated,0.0,,True,False,False,,
eurostat_cofog,gfs,train,GF0901,Pre-primary and primary education,standard,monetary,13460,30,,escalated,0.0,,True,False,False,,
eurostat_cofog,gfs,train,GF1009,Social protection n.e.c.,standard,monetary,13460,30,,escalated,0.0,,True,False,False,,
eurostat_cofog,gfs,train,GF0905,Education not definable by level,standard,monetary,13455,30,,escalated,0.0,,True,False,False,,
eurostat_cofog,gfs,train,GF0405,Transport,standard,monetary,13418,30,,escalated,0.0,,True,False,False,,
eurostat_cofog,gfs,train,GF1006,Housing,standard,monetary,13410,30,,escalated,0.0,,True,False,False,,
eurostat_cofog,gfs,train,GF0401,"General economic, commercial and labour affairs",standard,monetary,13402,30,,escalated,0.0,,True,False,False,,
eurostat_cofog,gfs,train,GF1001,Sickness and disability,standard,monetary,13393,30,,escalated,0.0,,True,False,False,,
eurostat_cofog,gfs,train,GF0706,Health n.e.c.,standard,monetary,13392,30,,escalated,0.0,,True,False,False,,
eurostat_cofog,gfs,train,GF0402,"Agriculture, forestry, fishing and hunting",standard,monetary,13378,30,,escalated,0.0,,True,False,False,,
eurostat_cofog,gfs,train,GF1005,Unemployment,standard,monetary,13374,30,,escalated,0.0,,True,False,False,,
eurostat_cofog,gfs,train,GF0908,Education n.e.c.,standard,monetary,13372,30,,escalated,0.0,,True,False,False,,
eurostat_cofog,gfs,train,GF0501,Waste management,standard,monetary,13371,30,,escalated,0.0,,True,False,False,,
eurostat_cofog,gfs,train,GF0506,Environmental protection n.e.c.,standard,monetary,13364,30,,escalated,0.0,,True,False,False,,
eurostat_cofog,gfs,train,GF0704,Public health services,standard,monetary,13359,30,,escalated,0.0,,True,False,False,,
eurostat_cofog,gfs,train,GF0601,Housing development,standard,monetary,13347,30,,escalated,0.0,,True,False,False,,
eurostat_cofog,gfs,train,GF0804,Religious and other community services,standard,monetary,13346,30,,escalated,0.0,,True,False,False,,
eurostat_cofog,gfs,train,GF0407,Other industries,standard,monetary,13336,30,,escalated,0.0,,True,False,False,,
eurostat_cofog,gfs,train,GF1007,Social exclusion n.e.c.,standard,monetary,13334,30,,escalated,0.0,,True,False,False,,
eurostat_cofog,gfs,train,GF0602,Community development,standard,monetary,13331,30,,escalated,0.0,,True,False,False,,
eurostat_cofog,gfs,train,GF0404,"Mining, manufacturing and construction",standard,monetary,13322,30,,escalated,0.0,,True,False,False,,
eurostat_cofog,gfs,train,GF0603,Water supply,standard,monetary,13322,30,,escalated,0.0,,True,False,False,,
eurostat_cofog,gfs,train,GF0403,Fuel and energy,standard,monetary,13321,30,,escalated,0.0,,True,False,False,,
eurostat_cofog,gfs,train,GF0803,Broadcasting and publishing services,standard,monetary,13277,30,,escalated,0.0,,True,False,False,,
eurostat_cofog,gfs,train,GF0103,General services,standard,monetary,13273,30,,escalated,0.0,,True,False,False,,
eurostat_cofog,gfs,train,GF0606,Housing and community amenities n.e.c.,standard,monetary,13270,30,,escalated,0.0,,True,False,False,,
eurostat_cofog,gfs,train,GF0301,Police services,standard,monetary,13256,30,,escalated,0.0,,True,False,False,,
eurostat_cofog,gfs,train,GF0106,General public services n.e.c.,standard,monetary,13248,30,,escalated,0.0,,True,False,False,,
eurostat_cofog,gfs,train,GF0406,Communication,standard,monetary,13247,30,,escalated,0.0,,True,False,False,,
eurostat_cofog,gfs,train,GF0201,Military defence,standard,monetary,13240,30,,escalated,0.0,,True,False,False,,
eurostat_cofog,gfs,train,GF0302,Fire-protection services,standard,monetary,13239,30,,escalated,0.0,,True,False,False,,
eurostat_cofog,gfs,train,GF0104,Basic research,standard,monetary,13221,30,,escalated,0.0,,True,False,False,,
eurostat_cofog,gfs,train,GF0502,Waste water management,standard,monetary,13192,30,,escalated,0.0,,True,False,False,,
eurostat_cofog,gfs,train,GF0306,Public order and safety n.e.c.,standard,monetary,13186,30,,escalated,0.0,,True,False,False,,
eurostat_cofog,gfs,train,GF0304,Prisons,standard,monetary,13169,30,,escalated,0.0,,True,False,False,,
eurostat_cofog,gfs,train,GF0303,Law courts,standard,monetary,13163,30,,escalated,0.0,,True,False,False,,
eurostat_cofog,gfs,train,GF0903,Post-secondary non-tertiary education,standard,monetary,13159,30,,escalated,0.0,,True,False,False,,
eurostat_cofog,gfs,train,GF0701,"Medical products, appliances and equipment",standard,monetary,13137,30,,escalated,0.0,,True,False,False,,
eurostat_cofog,gfs,train,GF0907,R&D Education,standard,monetary,13128,30,,escalated,0.0,,True,False,False,,
eurostat_cofog,gfs,train,GF0604,Street lighting,standard,monetary,13114,30,,escalated,0.0,,True,False,False,,
eurostat_cofog,gfs,train,GF0205,Defence n.e.c.,standard,monetary,13107,30,,escalated,0.0,,True,False,False,,
eurostat_cofog,gfs,train,GF0504,Protection of biodiversity and landscape,standard,monetary,13106,30,,escalated,0.0,,True,False,False,,
eurostat_cofog,gfs,train,GF0806,"Recreation, culture and religion n.e.c.",standard,monetary,13094,29,,escalated,0.0,,True,False,False,,
eurostat_cofog,gfs,train,GF1003,Survivors,standard,monetary,13061,30,,escalated,0.0,,True,False,False,,
eurostat_cofog,gfs,train,GF0305,R&D Public order and safety,standard,monetary,13004,30,,escalated,0.0,,True,False,False,,
eurostat_cofog,gfs,train,GF0705,R&D Health,standard,monetary,12968,29,,escalated,0.0,,True,False,False,,
eurostat_cofog,gfs,train,GF0408,R&D Economic affairs,standard,monetary,12967,30,,escalated,0.0,,True,False,False,,
eurostat_cofog,gfs,train,GF0102,Foreign economic aid,standard,monetary,12932,30,,escalated,0.0,,True,False,False,,
eurostat_cofog,gfs,train,GF0107,Public debt transactions,standard,monetary,12905,30,,escalated,0.0,,True,False,False,,
eurostat_cofog,gfs,train,GF0503,Pollution abatement,standard,monetary,12883,29,,escalated,0.0,,True,False,False,,
eurostat_cofog,gfs,train,GF0505,R&D Environmental protection,standard,monetary,12881,29,,escalated,0.0,,True,False,False,,
eurostat_cofog,gfs,train,GF0204,R&D Defence,standard,monetary,12864,29,,escalated,0.0,,True,False,False,,
eurostat_cofog,gfs,train,GF0105,R&D General public services,standard,monetary,12797,30,,escalated,0.0,,True,False,False,,
eurostat_cofog,gfs,train,GF1008,R&D Social protection,standard,monetary,12793,30,,escalated,0.0,,True,False,False,,
eurostat_cofog,gfs,train,GF0203,Foreign military aid,standard,monetary,12777,30,,escalated,0.0,,True,False,False,,
eurostat_cofog,gfs,train,GF0805,"R&D Recreation, culture and religion",standard,monetary,12767,30,,escalated,0.0,,True,False,False,,
eurostat_cofog,gfs,train,GF0202,Civil defence,standard,monetary,12729,29,,escalated,0.0,,True,False,False,,
eurostat_cofog,gfs,train,GF0409,Economic affairs n.e.c.,standard,monetary,12692,29,,escalated,0.0,,True,False,False,,
eurostat_cofog,gfs,train,GF0605,R&D Housing and community amenities,standard,monetary,12670,29,,escalated,0.0,,True,False,False,,
eurostat_cofog,gfs,train,GF0108,Transfers of a general character between different levels of government,standard,monetary,12572,29,,escalated,0.0,,True,False,False,,
eurostat_na_item,gfs,holdout,TE,Total general government expenditure,standard,monetary,9621,30,,escalated,0.0,,True,False,True,,
eurostat_na_item,gfs,holdout,P3,Final consumption expenditure,standard,monetary,9600,30,,escalated,0.0,,True,False,True,,
eurostat_na_item,gfs,holdout,P2,Intermediate consumption,standard,monetary,9594,30,,escalated,0.0,,True,False,True,,
eurostat_na_item,gfs,holdout,OP5ANP,Gross capital formation and acquisitions less disposals of non-financial non-produced assets,standard,monetary,9560,30,equity.capital,tier2_keyword,0.85,tier2:equity.capital:capital,True,False,True,,
eurostat_na_item,gfs,holdout,P5,Gross capital formation,standard,monetary,9560,30,equity.capital,tier2_keyword,0.85,tier2:equity.capital:capital,True,False,True,,
eurostat_na_item,gfs,holdout,P51G,Gross fixed capital formation,standard,monetary,9559,30,ASSET_InfrastructureAssets,tier1_exact,1.0,tier1:gfs:P51G,True,True,False,,
eurostat_na_item,gfs,holdout,D1,Compensation of employees,standard,monetary,9556,30,EXP_PersonnelCosts_Gov,tier1_exact,1.0,tier1:gfs:D1,True,True,False,,
eurostat_na_item,gfs,holdout,D7,Other current transfers,standard,monetary,9507,30,EXP_GrantsAndSubsidiesPaid,tier1_exact,1.0,tier1:gfs:D7,True,True,False,,
eurostat_na_item,gfs,holdout,D9,Capital transfers,standard,monetary,9311,30,EXP_GrantsAndSubsidiesPaid,tier1_exact,1.0,tier1:gfs:D9,True,True,False,,
eurostat_na_item,gfs,holdout,P2_D29_D5_D8,"Intermediate consumption; other taxes on production; current taxes on income, wealth, etc.; adjustment for the change in pension entitlements",standard,monetary,9274,29,,escalated,0.0,,True,False,True,,
eurostat_na_item,gfs,holdout,D92,Investment grants,standard,monetary,9266,30,EXP_GrantsAndSubsidiesPaid,tier1_exact,1.0,tier1:gfs:D92,True,True,False,,
eurostat_na_item,gfs,holdout,D3,Subsidies,standard,monetary,9228,30,EXP_GrantsAndSubsidiesPaid,tier1_exact,1.0,tier1:gfs:D3,True,True,False,,
eurostat_na_item,gfs,holdout,NP,Acquisitions less disposals of non-financial non-produced assets,standard,monetary,9012,30,,escalated,0.0,,True,False,True,,
eurostat_na_item,gfs,holdout,D29_D5_D8,"""Other taxes on production; current taxes on income, wealth, etc; adjustment for the change in pension entitlements""",standard,monetary,8917,30,,escalated,0.0,,True,False,True,,
eurostat_na_item,gfs,holdout,D62_D632,Social benefits other than social transfers in kind and social transfers in kind - purchased market production,standard,monetary,8789,30,,escalated,0.0,,True,False,False,,
eurostat_na_item,gfs,holdout,D62,Social benefits other than social transfers in kind,standard,monetary,8767,30,EXP_SocialBenefitsExpense,tier1_exact,1.0,tier1:gfs:D62,True,True,False,,
eurostat_na_item,gfs,holdout,D632,Social transfers in kind - purchased market production,standard,monetary,8701,30,EXP_SocialBenefitsExpense,tier1_exact,1.0,tier1:gfs:D632,True,True,False,,
eurostat_na_item,gfs,holdout,D4,Property income,standard,monetary,8607,30,EXP_DebtService,tier1_exact,1.0,tier1:gfs:D4,True,True,False,,
eurostat_na_item,gfs,holdout,P32,Collective consumption expenditure,standard,monetary,8078,29,,escalated,0.0,,True,False,True,,
eurostat_na_item,gfs,holdout,P31,Individual consumption expenditure,standard,monetary,6968,29,,escalated,0.0,,True,False,True,,
eurostat_na_item,gfs,holdout,D4_S1311,"Property income, of which payable to subsector S1311",standard,monetary,324,2,liability.current.payables,tier2_keyword,0.85,tier2:liability.current.payables:payable,True,False,False,,
eurostat_na_item,gfs,holdout,D4_S1312,"Property income, of which payable to subsector S1312",standard,monetary,324,2,liability.current.payables,tier2_keyword,0.85,tier2:liability.current.payables:payable,True,False,False,,
eurostat_na_item,gfs,holdout,D4_S1313,"Property income, of which payable to subsector S1313",standard,monetary,324,2,liability.current.payables,tier2_keyword,0.85,tier2:liability.current.payables:payable,True,False,False,,
eurostat_na_item,gfs,holdout,D4_S1314,"Property income, of which payable to subsector S1314",standard,monetary,324,2,liability.current.payables,tier2_keyword,0.85,tier2:liability.current.payables:payable,True,False,False,,
eurostat_na_item,gfs,holdout,D7_S1311,"Other current transfers,of which payable to subsector S1311",standard,monetary,324,2,liability.current.payables,tier2_keyword,0.85,tier2:liability.current.payables:payable,True,False,False,,
eurostat_na_item,gfs,holdout,D7_S1312,"Other current transfers,of which payable to subsector S1312",standard,monetary,324,2,liability.current.payables,tier2_keyword,0.85,tier2:liability.current.payables:payable,True,False,False,,
eurostat_na_item,gfs,holdout,D7_S1313,"Other current transfers,of which payable to subsector S1313",standard,monetary,324,2,liability.current.payables,tier2_keyword,0.85,tier2:liability.current.payables:payable,True,False,False,,
eurostat_na_item,gfs,holdout,D7_S1314,"Other current transfers,of which payable to subsector S1314",standard,monetary,324,2,liability.current.payables,tier2_keyword,0.85,tier2:liability.current.payables:payable,True,False,False,,
eurostat_na_item,gfs,holdout,D9_S1311,"Capital transfers, expenditure, of which to subsector central government (S1311)",standard,monetary,324,2,equity.capital,tier2_keyword,0.85,tier2:equity.capital:capital,True,False,False,,
eurostat_na_item,gfs,holdout,D9_S1312,"Capital transfers, expenditure, of which to subsector state government (S1312)",standard,monetary,324,2,equity.capital,tier2_keyword,0.85,tier2:equity.capital:capital,True,False,False,,
eurostat_na_item,gfs,holdout,D9_S1313,"Capital transfers, expenditure, of which to subsector local government (S1313)",standard,monetary,324,2,equity.capital,tier2_keyword,0.85,tier2:equity.capital:capital,True,False,False,,
eurostat_na_item,gfs,holdout,D9_S1314,"Capital transfers, expenditure, of which to subsector social security funds (S1314)",standard,monetary,324,2,equity.capital,tier2_keyword,0.85,tier2:equity.capital:capital,True,False,False,,
eurostat_na_item,gfs,train,TE,Total general government expenditure,standard,monetary,56043,30,,escalated,0.0,,True,False,True,,
eurostat_na_item,gfs,train,P3,Final consumption expenditure,standard,monetary,55887,30,,escalated,0.0,,True,False,True,,
eurostat_na_item,gfs,train,P2,Intermediate consumption,standard,monetary,55801,30,,escalated,0.0,,True,False,True,,
eurostat_na_item,gfs,train,OP5ANP,Gross capital formation and acquisitions less disposals of non-financial non-produced assets,standard,monetary,55649,30,equity.capital,tier2_keyword,0.85,tier2:equity.capital:capital,True,False,True,,
eurostat_na_item,gfs,train,D1,Compensation of employees,standard,monetary,55641,30,EXP_PersonnelCosts_Gov,tier1_exact,1.0,tier1:gfs:D1,True,True,False,,
eurostat_na_item,gfs,train,P51G,Gross fixed capital formation,standard,monetary,55606,30,ASSET_InfrastructureAssets,tier1_exact,1.0,tier1:gfs:P51G,True,True,False,,
eurostat_na_item,gfs,train,P5,Gross capital formation,standard,monetary,55603,30,equity.capital,tier2_keyword,0.85,tier2:equity.capital:capital,True,False,True,,
eurostat_na_item,gfs,train,D7,Other current transfers,standard,monetary,54826,30,EXP_GrantsAndSubsidiesPaid,tier1_exact,1.0,tier1:gfs:D7,True,True,False,,
eurostat_na_item,gfs,train,D9,Capital transfers,standard,monetary,54054,30,EXP_GrantsAndSubsidiesPaid,tier1_exact,1.0,tier1:gfs:D9,True,True,False,,
eurostat_na_item,gfs,train,P2_D29_D5_D8,"Intermediate consumption; other taxes on production; current taxes on income, wealth, etc.; adjustment for the change in pension entitlements",standard,monetary,53734,29,,escalated,0.0,,True,False,True,,
eurostat_na_item,gfs,train,D3,Subsidies,standard,monetary,53690,30,EXP_GrantsAndSubsidiesPaid,tier1_exact,1.0,tier1:gfs:D3,True,True,False,,
eurostat_na_item,gfs,train,D92,Investment grants,standard,monetary,53360,30,EXP_GrantsAndSubsidiesPaid,tier1_exact,1.0,tier1:gfs:D92,True,True,False,,
eurostat_na_item,gfs,train,NP,Acquisitions less disposals of non-financial non-produced assets,standard,monetary,52751,30,,escalated,0.0,,True,False,True,,
eurostat_na_item,gfs,train,D29_D5_D8,"""Other taxes on production; current taxes on income, wealth, etc; adjustment for the change in pension entitlements""",standard,monetary,51867,30,,escalated,0.0,,True,False,True,,
eurostat_na_item,gfs,train,D62_D632,Social benefits other than social transfers in kind and social transfers in kind - purchased market production,standard,monetary,51525,30,,escalated,0.0,,True,False,False,,
eurostat_na_item,gfs,train,D4,Property income,standard,monetary,50718,30,EXP_DebtService,tier1_exact,1.0,tier1:gfs:D4,True,True,False,,
eurostat_na_item,gfs,train,D62,Social benefits other than social transfers in kind,standard,monetary,49289,30,EXP_SocialBenefitsExpense,tier1_exact,1.0,tier1:gfs:D62,True,True,False,,
eurostat_na_item,gfs,train,D632,Social transfers in kind - purchased market production,standard,monetary,48866,30,EXP_SocialBenefitsExpense,tier1_exact,1.0,tier1:gfs:D632,True,True,False,,
eurostat_na_item,gfs,train,P32,Collective consumption expenditure,standard,monetary,48109,29,,escalated,0.0,,True,False,True,,
eurostat_na_item,gfs,train,P31,Individual consumption expenditure,standard,monetary,42421,29,,escalated,0.0,,True,False,True,,
eurostat_na_item,gfs,train,D9_S1311,"Capital transfers, expenditure, of which to subsector central government (S1311)",standard,monetary,1601,2,equity.capital,tier2_keyword,0.85,tier2:equity.capital:capital,True,False,False,,
eurostat_na_item,gfs,train,D4_S1311,"Property income, of which payable to subsector S1311",standard,monetary,1600,1,liability.current.payables,tier2_keyword,0.85,tier2:liability.current.payables:payable,True,False,False,,
eurostat_na_item,gfs,train,D4_S1312,"Property income, of which payable to subsector S1312",standard,monetary,1600,1,liability.current.payables,tier2_keyword,0.85,tier2:liability.current.payables:payable,True,False,False,,
eurostat_na_item,gfs,train,D4_S1313,"Property income, of which payable to subsector S1313",standard,monetary,1600,1,liability.current.payables,tier2_keyword,0.85,tier2:liability.current.payables:payable,True,False,False,,
eurostat_na_item,gfs,train,D4_S1314,"Property income, of which payable to subsector S1314",standard,monetary,1600,1,liability.current.payables,tier2_keyword,0.85,tier2:liability.current.payables:payable,True,False,False,,
eurostat_na_item,gfs,train,D7_S1311,"Other current transfers,of which payable to subsector S1311",standard,monetary,1600,1,liability.current.payables,tier2_keyword,0.85,tier2:liability.current.payables:payable,True,False,False,,
eurostat_na_item,gfs,train,D7_S1312,"Other current transfers,of which payable to subsector S1312",standard,monetary,1600,1,liability.current.payables,tier2_keyword,0.85,tier2:liability.current.payables:payable,True,False,False,,
eurostat_na_item,gfs,train,D7_S1313,"Other current transfers,of which payable to subsector S1313",standard,monetary,1600,1,liability.current.payables,tier2_keyword,0.85,tier2:liability.current.payables:payable,True,False,False,,
eurostat_na_item,gfs,train,D7_S1314,"Other current transfers,of which payable to subsector S1314",standard,monetary,1600,1,liability.current.payables,tier2_keyword,0.85,tier2:liability.current.payables:payable,True,False,False,,
eurostat_na_item,gfs,train,D9_S1312,"Capital transfers, expenditure, of which to subsector state government (S1312)",standard,monetary,1600,1,equity.capital,tier2_keyword,0.85,tier2:equity.capital:capital,True,False,False,,
eurostat_na_item,gfs,train,D9_S1313,"Capital transfers, expenditure, of which to subsector local government (S1313)",standard,monetary,1600,1,equity.capital,tier2_keyword,0.85,tier2:equity.capital:capital,True,False,False,,
eurostat_na_item,gfs,train,D9_S1314,"Capital transfers, expenditure, of which to subsector social security funds (S1314)",standard,monetary,1600,1,equity.capital,tier2_keyword,0.85,tier2:equity.capital:capital,True,False,False,,
imf_gfs,gfs,holdout,G12_T,"Social contributions, Transactions",standard,monetary,338,94,GOV_SocialContributions,tier1_exact,1.0,tier1:gfs:G12_T,True,True,False,,
imf_gfs,gfs,holdout,G11_T,"Taxes, Transactions",standard,monetary,337,94,GOV_TaxRevenue,tier1_exact,1.0,tier1:gfs:G11_T,True,True,False,,
imf_gfs,gfs,holdout,G2_T,"Expense, Transactions",standard,monetary,335,94,,escalated,0.0,,True,False,True,,
imf_gfs,gfs,holdout,G1_T,"Revenue, Transactions",standard,monetary,333,93,revenue.operating,tier2_keyword,0.85,tier2:revenue.operating:revenue,True,False,True,,
imf_gfs,gfs,holdout,G24_T,"Interest payable, Transactions",standard,monetary,332,94,EXP_DebtService,tier1_exact,1.0,tier1:gfs:G24_T,True,True,False,,
imf_gfs,gfs,holdout,G21_T,"Compensation of employees, Transactions",standard,monetary,331,93,EXP_PersonnelCosts_Gov,tier1_exact,1.0,tier1:gfs:G21_T,True,True,False,,
imf_gfs,gfs,holdout,G22_T,"Use of goods and services, Transactions",standard,monetary,331,93,,escalated,0.0,,True,False,True,,
imf_gfs,gfs,holdout,G25_T,"Subsidies payable, Transactions",standard,monetary,331,93,EXP_GrantsAndSubsidiesPaid,tier1_exact,1.0,tier1:gfs:G25_T,True,True,False,,
imf_gfs,gfs,holdout,G27_T,"Social benefits, Transactions",standard,monetary,331,93,EXP_SocialBenefitsExpense,tier1_exact,1.0,tier1:gfs:G27_T,True,True,False,,
imf_gfs,gfs,holdout,GPB_T,"Primary net lending (+) / net borrowing (-), Transactions",standard,monetary,328,92,,escalated,0.0,,True,False,True,,
imf_gfs,gfs,holdout,G14_T,"Other revenue, Transactions",standard,monetary,308,87,GOV_FeeRevenue_Exchange,tier1_exact,1.0,tier1:gfs:G14_T,True,True,False,,
imf_gfs,gfs,holdout,G26_T,"Grants payable, Transactions",standard,monetary,308,88,EXP_GrantsAndSubsidiesPaid,tier1_exact,1.0,tier1:gfs:G26_T,True,True,False,,
imf_gfs,gfs,holdout,G28_T,"Other expense, Transactions",standard,monetary,308,88,,escalated,0.0,,True,False,True,,
imf_gfs,gfs,holdout,G13_T,"Grants receivable, Transactions",standard,monetary,307,87,GOV_TransfersReceived,tier1_exact,1.0,tier1:gfs:G13_T,True,True,False,,
imf_gfs,gfs,holdout,GF04_T,"Economic affairs, Transactions",standard,monetary,252,73,,escalated,0.0,,True,False,True,,
imf_gfs,gfs,holdout,GF05_T,"Environmental protection, Transactions",standard,monetary,252,73,,escalated,0.0,,True,False,True,,
imf_gfs,gfs,holdout,GF06_T,"Housing and community amenities, Transactions",standard,monetary,252,73,,escalated,0.0,,True,False,True,,
imf_gfs,gfs,holdout,GF07_T,"Health, Transactions",standard,monetary,252,73,,escalated,0.0,,True,False,True,,
imf_gfs,gfs,holdout,GF08_T,"Recreation, culture and religion, Transactions",standard,monetary,252,73,,escalated,0.0,,True,False,True,,
imf_gfs,gfs,holdout,GF09_T,"Education, Transactions",standard,monetary,252,73,,escalated,0.0,,True,False,True,,
imf_gfs,gfs,holdout,GF10_T,"Social protection, Transactions",standard,monetary,252,73,,escalated,0.0,,True,False,True,,
imf_gfs,gfs,holdout,GF01_T,"General public services, Transactions",standard,monetary,251,73,,escalated,0.0,,True,False,True,,
imf_gfs,gfs,holdout,GF03_T,"Public order and safety, Transactions",standard,monetary,250,73,,escalated,0.0,,True,False,True,,
imf_gfs,gfs,holdout,GF02_T,"Defence, Transactions",standard,monetary,248,74,,escalated,0.0,,True,False,True,,
imf_gfs,gfs,holdout,GF0170_T,"Public debt transactions, Transactions",standard,monetary,233,68,,escalated,0.0,,True,False,False,,
imf_gfs,gfs,holdout,GF042_T,"Agriculture, forestry, fishing and hunting, Transactions",standard,monetary,233,68,,escalated,0.0,,True,False,False,,
imf_gfs,gfs,holdout,GF043_T,"Fuel and energy, Transactions",standard,monetary,233,68,,escalated,0.0,,True,False,False,,
imf_gfs,gfs,holdout,GF044_T,"Mining, manufacturing and construction, Transactions",standard,monetary,233,68,,escalated,0.0,,True,False,False,,
imf_gfs,gfs,holdout,GF045_T,"Transport, Transactions",standard,monetary,233,68,,escalated,0.0,,True,False,False,,
imf_gfs,gfs,holdout,GF072_T,"Outpatient services, Transactions",standard,monetary,233,68,,escalated,0.0,,True,False,False,,
imf_gfs,gfs,holdout,GF073_T,"Hospital services, Transactions",standard,monetary,233,68,,escalated,0.0,,True,False,False,,
imf_gfs,gfs,holdout,GF0740_T,"Public health services, Transactions",standard,monetary,233,68,,escalated,0.0,,True,False,False,,
imf_gfs,gfs,holdout,GF094_T,"Tertiary education, Transactions",standard,monetary,233,68,,escalated,0.0,,True,False,False,,
imf_gfs,gfs,holdout,GF0160_T,"General public services n.e.c., Transactions",standard,monetary,232,68,,escalated,0.0,,True,False,False,,
imf_gfs,gfs,holdout,GF025_T,"Defence n.e.c., Transactions",standard,monetary,232,70,,escalated,0.0,,True,False,False,,
imf_gfs,gfs,holdout,GF041_T,"General economic, commercial and labour affairs, Transactions",standard,monetary,232,68,,escalated,0.0,,True,False,False,,
imf_gfs,gfs,holdout,GF0712_T,"Other medical products, Transactions",standard,monetary,232,68,,escalated,0.0,,True,False,False,,
imf_gfs,gfs,holdout,GF0760_T,"Health n.e.c., Transactions",standard,monetary,232,68,,escalated,0.0,,True,False,False,,
imf_gfs,gfs,holdout,GF0950_T,"Education not definable by level, Transactions",standard,monetary,232,68,,escalated,0.0,,True,False,False,,
imf_gfs,gfs,holdout,GF0980_T,"Education n.e.c., Transactions",standard,monetary,232,68,,escalated,0.0,,True,False,False,,
imf_gfs,gfs,holdout,GF0610_T,"Housing development, Transactions",standard,monetary,231,68,,escalated,0.0,,True,False,False,,
imf_gfs,gfs,holdout,GF0630_T,"Water supply, Transactions",standard,monetary,231,68,,escalated,0.0,,True,False,False,,
imf_gfs,gfs,holdout,GF0640_T,"Street lighting, Transactions",standard,monetary,231,68,,escalated,0.0,,True,False,False,,
imf_gfs,gfs,holdout,GF0660_T,"Housing and community amenities n.e.c., Transactions",standard,monetary,231,68,,escalated,0.0,,True,False,False,,
imf_gfs,gfs,holdout,GF0810_T,"Recreational and sporting services, Transactions",standard,monetary,231,68,,escalated,0.0,,True,False,False,,
imf_gfs,gfs,holdout,GF0820_T,"Cultural services, Transactions",standard,monetary,231,68,,escalated,0.0,,True,False,False,,
imf_gfs,gfs,holdout,GF0830_T,"Broadcasting and publishing services, Transactions",standard,monetary,231,68,,escalated,0.0,,True,False,False,,
imf_gfs,gfs,holdout,GF012_T,"Foreign economic aid, Transactions",standard,monetary,230,67,,escalated,0.0,,True,False,False,,
imf_gfs,gfs,holdout,GF013_T,"General services, Transactions",standard,monetary,230,67,,escalated,0.0,,True,False,False,,
imf_gfs,gfs,holdout,GF0140_T,"Basic research, Transactions",standard,monetary,230,67,,escalated,0.0,,True,False,False,,
imf_gfs,gfs,holdout,GF0180_T,"Transfers of a general character between different levels of government, Transactions",standard,monetary,230,67,,escalated,0.0,,True,False,False,,
imf_gfs,gfs,holdout,GF0210_T,"Military defence, Transactions",standard,monetary,230,69,,escalated,0.0,,True,False,False,,
imf_gfs,gfs,holdout,GF0230_T,"Foreign military aid, Transactions",standard,monetary,230,69,,escalated,0.0,,True,False,False,,
imf_gfs,gfs,holdout,GF011_T,"Executive and legislative organs, financial and fiscal affairs, external affairs, Transactions",standard,monetary,229,67,,escalated,0.0,,True,False,False,,
imf_gfs,gfs,holdout,GF0460_T,"Communication, Transactions",standard,monetary,229,67,,escalated,0.0,,True,False,False,,
imf_gfs,gfs,holdout,GF0510_T,"Waste management, Transactions",standard,monetary,229,68,,escalated,0.0,,True,False,False,,
imf_gfs,gfs,holdout,GF0520_T,"Waste water management, Transactions",standard,monetary,229,68,,escalated,0.0,,True,False,False,,
imf_gfs,gfs,holdout,GF0540_T,"Protection of biodiversity and landscape, Transactions",standard,monetary,229,68,,escalated,0.0,,True,False,False,,
imf_gfs,gfs,holdout,GF0560_T,"Environmental protection n.e.c., Transactions",standard,monetary,229,68,,escalated,0.0,,True,False,False,,
imf_gfs,gfs,holdout,GF091_T,"Pre-primary and primary education, Transactions",standard,monetary,229,67,,escalated,0.0,,True,False,False,,
imf_gfs,gfs,holdout,GF092_T,"Secondary education, Transactions",standard,monetary,229,67,,escalated,0.0,,True,False,False,,
imf_gfs,gfs,holdout,GF0930_T,"Post-secondary non-tertiary education, Transactions",standard,monetary,229,67,,escalated,0.0,,True,False,False,,
imf_gfs,gfs,holdout,GF047_T,"Other industries, Transactions",standard,monetary,228,67,,escalated,0.0,,True,False,False,,
imf_gfs,gfs,holdout,GF048_T,"R&D Economic affairs, Transactions",standard,monetary,228,67,,escalated,0.0,,True,False,False,,
imf_gfs,gfs,holdout,GF0490_T,"Economic affairs n.e.c., Transactions",standard,monetary,228,67,,escalated,0.0,,True,False,False,,
imf_gfs,gfs,holdout,GF0860_T,"Recreation, culture and religion n.e.c., Transactions",standard,monetary,228,67,,escalated,0.0,,True,False,False,,
imf_gfs,gfs,holdout,GF0960_T,"Subsidiary services to education, Transactions",standard,monetary,228,67,,escalated,0.0,,True,False,False,,
imf_gfs,gfs,holdout,GF0970_T,"R&D Education, Transactions",standard,monetary,228,67,,escalated,0.0,,True,False,False,,
imf_gfs,gfs,holdout,GF101_T,"Sickness and disability, Transactions",standard,monetary,228,67,,escalated,0.0,,True,False,False,,
imf_gfs,gfs,holdout,GF1020_T,"Old age, Transactions",standard,monetary,228,67,,escalated,0.0,,True,False,False,,
imf_gfs,gfs,holdout,GF1040_T,"Family and children, Transactions",standard,monetary,228,67,,escalated,0.0,,True,False,False,,
imf_gfs,gfs,holdout,GF1050_T,"Unemployment, Transactions",standard,monetary,228,67,,escalated,0.0,,True,False,False,,
imf_gfs,gfs,holdout,GF1060_T,"Housing, Transactions",standard,monetary,228,67,,escalated,0.0,,True,False,False,,
imf_gfs,gfs,holdout,GF1070_T,"Social exclusion n.e.c., Transactions",standard,monetary,228,67,,escalated,0.0,,True,False,False,,
imf_gfs,gfs,holdout,GF1090_T,"Social protection n.e.c., Transactions",standard,monetary,228,67,,escalated,0.0,,True,False,False,,
imf_gfs,gfs,holdout,GF0310_T,"Police services, Transactions",standard,monetary,227,67,,escalated,0.0,,True,False,False,,
imf_gfs,gfs,holdout,GF0320_T,"Fire-protection services, Transactions",standard,monetary,227,67,,escalated,0.0,,True,False,False,,
imf_gfs,gfs,holdout,GF0330_T,"Law courts, Transactions",standard,monetary,227,67,,escalated,0.0,,True,False,False,,
imf_gfs,gfs,holdout,GF0340_T,"Prisons, Transactions",standard,monetary,227,67,,escalated,0.0,,True,False,False,,
imf_gfs,gfs,holdout,GF0360_T,"Public order and safety n.e.c., Transactions",standard,monetary,227,67,,escalated,0.0,,True,False,False,,
imf_gfs,gfs,holdout,GF0620_T,"Community development, Transactions",standard,monetary,227,67,,escalated,0.0,,True,False,False,,
imf_gfs,gfs,holdout,GF0840_T,"Religious and other community services, Transactions",standard,monetary,227,67,,escalated,0.0,,True,False,False,,
imf_gfs,gfs,holdout,GF0220_T,"Civil defence, Transactions",standard,monetary,226,68,,escalated,0.0,,True,False,False,,
imf_gfs,gfs,holdout,GF0530_T,"Pollution abatement, Transactions",standard,monetary,226,67,,escalated,0.0,,True,False,False,,
imf_gfs,gfs,holdout,GF075_T,"R&D Health, Transactions",standard,monetary,225,66,,escalated,0.0,,True,False,False,,
imf_gfs,gfs,holdout,GF0850_T,"R&D Recreation, culture and religion, Transactions",standard,monetary,224,67,,escalated,0.0,,True,False,False,,
imf_gfs,gfs,holdout,GF0240_T,"R&D Defence, Transactions",standard,monetary,223,67,,escalated,0.0,,True,False,False,,
imf_gfs,gfs,holdout,GF0350_T,"R&D Public order and safety, Transactions",standard,monetary,223,66,,escalated,0.0,,True,False,False,,
imf_gfs,gfs,holdout,GF0550_T,"R&D Environmental protection, Transactions",standard,monetary,223,67,,escalated,0.0,,True,False,False,,
imf_gfs,gfs,holdout,GF1030_T,"Survivors, Transactions",standard,monetary,221,65,,escalated,0.0,,True,False,False,,
imf_gfs,gfs,holdout,GF1080_T,"R&D Social protection, Transactions",standard,monetary,221,65,,escalated,0.0,,True,False,False,,
imf_gfs,gfs,holdout,GF0150_T,"R&D General public services, Transactions",standard,monetary,220,65,,escalated,0.0,,True,False,False,,
imf_gfs,gfs,holdout,GF0650_T,"R&D Housing and community amenities, Transactions",standard,monetary,220,65,,escalated,0.0,,True,False,False,,
imf_gfs,gfs,holdout,G23_T,"Consumption of fixed capital (CFC), Transactions",standard,monetary,209,59,expense.depreciation,tier1_exact,1.0,tier1:gfs:G23_T,True,True,False,,
imf_gfs,gfs,holdout,G6_A_SP,"Net worth, Assets, Stock positions",standard,monetary,108,31,asset.current.inventory,tier2_keyword,0.85,tier2:asset.current.inventory:stock,True,False,True,,
imf_gfs,gfs,holdout,NFA_A_SP,"Nonfinancial assets, Stock positions",standard,monetary,108,31,asset.current.inventory,tier2_keyword,0.85,tier2:asset.current.inventory:stock,True,False,True,,
imf_gfs,gfs,holdout,GGB_T,"Government balance per national definition, Transactions",standard,monetary,7,3,,escalated,0.0,,True,False,True,,
imf_gfs,gfs,holdout,FA_A_SP,"Financial assets, Stock positions",standard,monetary,0,0,asset.current.inventory,tier2_keyword,0.85,tier2:asset.current.inventory:stock,True,False,False,,
imf_gfs,gfs,holdout,GF066_T,"Housing and community amenities n.e.c., Transactions",standard,monetary,0,0,,escalated,0.0,,True,False,False,,
imf_gfs,gfs,holdout,L_SP,"Liabilities, Stock positions",standard,monetary,0,0,asset.current.inventory,tier2_keyword,0.85,tier2:asset.current.inventory:stock,True,False,False,,
imf_gfs,gfs,train,G12_T,"Social contributions, Transactions",standard,monetary,1943,113,GOV_SocialContributions,tier1_exact,1.0,tier1:gfs:G12_T,True,True,False,,
imf_gfs,gfs,train,G11_T,"Taxes, Transactions",standard,monetary,1940,113,GOV_TaxRevenue,tier1_exact,1.0,tier1:gfs:G11_T,True,True,False,,
imf_gfs,gfs,train,G24_T,"Interest payable, Transactions",standard,monetary,1929,113,EXP_DebtService,tier1_exact,1.0,tier1:gfs:G24_T,True,True,False,,
imf_gfs,gfs,train,G1_T,"Revenue, Transactions",standard,monetary,1924,112,revenue.operating,tier2_keyword,0.85,tier2:revenue.operating:revenue,True,False,True,,
imf_gfs,gfs,train,G2_T,"Expense, Transactions",standard,monetary,1911,113,,escalated,0.0,,True,False,True,,
imf_gfs,gfs,train,G21_T,"Compensation of employees, Transactions",standard,monetary,1909,112,EXP_PersonnelCosts_Gov,tier1_exact,1.0,tier1:gfs:G21_T,True,True,False,,
imf_gfs,gfs,train,G22_T,"Use of goods and services, Transactions",standard,monetary,1898,112,,escalated,0.0,,True,False,True,,
imf_gfs,gfs,train,GPB_T,"Primary net lending (+) / net borrowing (-), Transactions",standard,monetary,1859,110,,escalated,0.0,,True,False,True,,
imf_gfs,gfs,train,G25_T,"Subsidies payable, Transactions",standard,monetary,1779,112,EXP_GrantsAndSubsidiesPaid,tier1_exact,1.0,tier1:gfs:G25_T,True,True,False,,
imf_gfs,gfs,train,G27_T,"Social benefits, Transactions",standard,monetary,1776,112,EXP_SocialBenefitsExpense,tier1_exact,1.0,tier1:gfs:G27_T,True,True,False,,
imf_gfs,gfs,train,G13_T,"Grants receivable, Transactions",standard,monetary,1677,110,GOV_TransfersReceived,tier1_exact,1.0,tier1:gfs:G13_T,True,True,False,,
imf_gfs,gfs,train,G14_T,"Other revenue, Transactions",standard,monetary,1668,110,GOV_FeeRevenue_Exchange,tier1_exact,1.0,tier1:gfs:G14_T,True,True,False,,
imf_gfs,gfs,train,G26_T,"Grants payable, Transactions",standard,monetary,1548,105,EXP_GrantsAndSubsidiesPaid,tier1_exact,1.0,tier1:gfs:G26_T,True,True,False,,
imf_gfs,gfs,train,G28_T,"Other expense, Transactions",standard,monetary,1520,104,,escalated,0.0,,True,False,True,,
imf_gfs,gfs,train,GF0170_T,"Public debt transactions, Transactions",standard,monetary,1519,99,,escalated,0.0,,True,False,False,,
imf_gfs,gfs,train,GF01_T,"General public services, Transactions",standard,monetary,1472,86,,escalated,0.0,,True,False,True,,
imf_gfs,gfs,train,GF04_T,"Economic affairs, Transactions",standard,monetary,1471,85,,escalated,0.0,,True,False,True,,
imf_gfs,gfs,train,GF07_T,"Health, Transactions",standard,monetary,1471,85,,escalated,0.0,,True,False,True,,
imf_gfs,gfs,train,GF08_T,"Recreation, culture and religion, Transactions",standard,monetary,1471,85,,escalated,0.0,,True,False,True,,
imf_gfs,gfs,train,GF09_T,"Education, Transactions",standard,monetary,1471,85,,escalated,0.0,,True,False,True,,
imf_gfs,gfs,train,GF06_T,"Housing and community amenities, Transactions",standard,monetary,1469,85,,escalated,0.0,,True,False,True,,
imf_gfs,gfs,train,GF10_T,"Social protection, Transactions",standard,monetary,1469,85,,escalated,0.0,,True,False,True,,
imf_gfs,gfs,train,GF03_T,"Public order and safety, Transactions",standard,monetary,1454,84,,escalated,0.0,,True,False,True,,
imf_gfs,gfs,train,GF02_T,"Defence, Transactions",standard,monetary,1446,82,,escalated,0.0,,True,False,True,,
imf_gfs,gfs,train,GF05_T,"Environmental protection, Transactions",standard,monetary,1427,85,,escalated,0.0,,True,False,True,,
imf_gfs,gfs,train,GF042_T,"Agriculture, forestry, fishing and hunting, Transactions",standard,monetary,1242,77,,escalated,0.0,,True,False,False,,
imf_gfs,gfs,train,GF045_T,"Transport, Transactions",standard,monetary,1239,77,,escalated,0.0,,True,False,False,,
imf_gfs,gfs,train,GF044_T,"Mining, manufacturing and construction, Transactions",standard,monetary,1235,77,,escalated,0.0,,True,False,False,,
imf_gfs,gfs,train,GF043_T,"Fuel and energy, Transactions",standard,monetary,1223,77,,escalated,0.0,,True,False,False,,
imf_gfs,gfs,train,GF0180_T,"Transfers of a general character between different levels of government, Transactions",standard,monetary,1191,80,,escalated,0.0,,True,False,False,,
imf_gfs,gfs,train,GF094_T,"Tertiary education, Transactions",standard,monetary,1163,76,,escalated,0.0,,True,False,False,,
imf_gfs,gfs,train,GF073_T,"Hospital services, Transactions",standard,monetary,1160,76,,escalated,0.0,,True,False,False,,
imf_gfs,gfs,train,GF092_T,"Secondary education, Transactions",standard,monetary,1149,75,,escalated,0.0,,True,False,False,,
imf_gfs,gfs,train,GF0460_T,"Communication, Transactions",standard,monetary,1148,75,,escalated,0.0,,True,False,False,,
imf_gfs,gfs,train,GF072_T,"Outpatient services, Transactions",standard,monetary,1146,77,,escalated,0.0,,True,False,False,,
imf_gfs,gfs,train,G23_T,"Consumption of fixed capital (CFC), Transactions",standard,monetary,1144,62,expense.depreciation,tier1_exact,1.0,tier1:gfs:G23_T,True,True,False,,
imf_gfs,gfs,train,GF0740_T,"Public health services, Transactions",standard,monetary,1127,76,,escalated,0.0,,True,False,False,,
imf_gfs,gfs,train,GF091_T,"Pre-primary and primary education, Transactions",standard,monetary,1111,75,,escalated,0.0,,True,False,False,,
imf_gfs,gfs,train,GF0560_T,"Environmental protection n.e.c., Transactions",standard,monetary,1062,70,,escalated,0.0,,True,False,False,,
imf_gfs,gfs,train,GF0510_T,"Waste management, Transactions",standard,monetary,1061,70,,escalated,0.0,,True,False,False,,
imf_gfs,gfs,train,GF0520_T,"Waste water management, Transactions",standard,monetary,1050,70,,escalated,0.0,,True,False,False,,
imf_gfs,gfs,train,GF0540_T,"Protection of biodiversity and landscape, Transactions",standard,monetary,1047,70,,escalated,0.0,,True,False,False,,
imf_gfs,gfs,train,GF0760_T,"Health n.e.c., Transactions",standard,monetary,1042,73,,escalated,0.0,,True,False,False,,
imf_gfs,gfs,train,GF041_T,"General economic, commercial and labour affairs, Transactions",standard,monetary,1038,70,,escalated,0.0,,True,False,False,,
imf_gfs,gfs,train,GF0712_T,"Other medical products, Transactions",standard,monetary,1037,73,,escalated,0.0,,True,False,False,,
imf_gfs,gfs,train,GF0530_T,"Pollution abatement, Transactions",standard,monetary,1030,69,,escalated,0.0,,True,False,False,,
imf_gfs,gfs,train,GF047_T,"Other industries, Transactions",standard,monetary,1026,69,,escalated,0.0,,True,False,False,,
imf_gfs,gfs,train,GF0550_T,"R&D Environmental protection, Transactions",standard,monetary,1021,68,,escalated,0.0,,True,False,False,,
imf_gfs,gfs,train,GF025_T,"Defence n.e.c., Transactions",standard,monetary,1017,70,,escalated,0.0,,True,False,False,,
imf_gfs,gfs,train,GF0980_T,"Education n.e.c., Transactions",standard,monetary,1017,69,,escalated,0.0,,True,False,False,,
imf_gfs,gfs,train,GF0950_T,"Education not definable by level, Transactions",standard,monetary,1016,69,,escalated,0.0,,True,False,False,,
imf_gfs,gfs,train,GF0810_T,"Recreational and sporting services, Transactions",standard,monetary,1014,70,,escalated,0.0,,True,False,False,,
imf_gfs,gfs,train,GF0820_T,"Cultural services, Transactions",standard,monetary,1014,70,,escalated,0.0,,True,False,False,,
imf_gfs,gfs,train,GF0830_T,"Broadcasting and publishing services, Transactions",standard,monetary,1014,70,,escalated,0.0,,True,False,False,,
imf_gfs,gfs,train,GF0160_T,"General public services n.e.c., Transactions",standard,monetary,1006,69,,escalated,0.0,,True,False,False,,
imf_gfs,gfs,train,GF048_T,"R&D Economic affairs, Transactions",standard,monetary,1005,69,,escalated,0.0,,True,False,False,,
imf_gfs,gfs,train,GF075_T,"R&D Health, Transactions",standard,monetary,1003,71,,escalated,0.0,,True,False,False,,
imf_gfs,gfs,train,GF0960_T,"Subsidiary services to education, Transactions",standard,monetary,1003,68,,escalated,0.0,,True,False,False,,
imf_gfs,gfs,train,GF0630_T,"Water supply, Transactions",standard,monetary,1002,69,,escalated,0.0,,True,False,False,,
imf_gfs,gfs,train,GF0660_T,"Housing and community amenities n.e.c., Transactions",standard,monetary,1002,69,,escalated,0.0,,True,False,False,,
imf_gfs,gfs,train,GF0930_T,"Post-secondary non-tertiary education, Transactions",standard,monetary,1002,69,,escalated,0.0,,True,False,False,,
imf_gfs,gfs,train,GF0610_T,"Housing development, Transactions",standard,monetary,1001,69,,escalated,0.0,,True,False,False,,
imf_gfs,gfs,train,GF0640_T,"Street lighting, Transactions",standard,monetary,1001,69,,escalated,0.0,,True,False,False,,
imf_gfs,gfs,train,GF0840_T,"Religious and other community services, Transactions",standard,monetary,1001,69,,escalated,0.0,,True,False,False,,
imf_gfs,gfs,train,GF0210_T,"Military defence, Transactions",standard,monetary,999,69,,escalated,0.0,,True,False,False,,
imf_gfs,gfs,train,GF0310_T,"Police services, Transactions",standard,monetary,993,68,,escalated,0.0,,True,False,False,,
imf_gfs,gfs,train,GF0320_T,"Fire-protection services, Transactions",standard,monetary,993,68,,escalated,0.0,,True,False,False,,
imf_gfs,gfs,train,GF0330_T,"Law courts, Transactions",standard,monetary,993,68,,escalated,0.0,,True,False,False,,
imf_gfs,gfs,train,GF0340_T,"Prisons, Transactions",standard,monetary,993,68,,escalated,0.0,,True,False,False,,
imf_gfs,gfs,train,GF0360_T,"Public order and safety n.e.c., Transactions",standard,monetary,992,68,,escalated,0.0,,True,False,False,,
imf_gfs,gfs,train,GF0970_T,"R&D Education, Transactions",standard,monetary,990,68,,escalated,0.0,,True,False,False,,
imf_gfs,gfs,train,GF0620_T,"Community development, Transactions",standard,monetary,989,68,,escalated,0.0,,True,False,False,,
imf_gfs,gfs,train,GF0490_T,"Economic affairs n.e.c., Transactions",standard,monetary,988,69,,escalated,0.0,,True,False,False,,
imf_gfs,gfs,train,GF0860_T,"Recreation, culture and religion n.e.c., Transactions",standard,monetary,988,69,,escalated,0.0,,True,False,False,,
imf_gfs,gfs,train,GF011_T,"Executive and legislative organs, financial and fiscal affairs, external affairs, Transactions",standard,monetary,986,68,,escalated,0.0,,True,False,False,,
imf_gfs,gfs,train,GF013_T,"General services, Transactions",standard,monetary,986,68,,escalated,0.0,,True,False,False,,
imf_gfs,gfs,train,GF0140_T,"Basic research, Transactions",standard,monetary,986,68,,escalated,0.0,,True,False,False,,
imf_gfs,gfs,train,GF012_T,"Foreign economic aid, Transactions",standard,monetary,984,68,,escalated,0.0,,True,False,False,,
imf_gfs,gfs,train,GF1090_T,"Social protection n.e.c., Transactions",standard,monetary,980,68,,escalated,0.0,,True,False,False,,
imf_gfs,gfs,train,GF1020_T,"Old age, Transactions",standard,monetary,979,68,,escalated,0.0,,True,False,False,,
imf_gfs,gfs,train,GF1040_T,"Family and children, Transactions",standard,monetary,979,68,,escalated,0.0,,True,False,False,,
imf_gfs,gfs,train,GF101_T,"Sickness and disability, Transactions",standard,monetary,978,68,,escalated,0.0,,True,False,False,,
imf_gfs,gfs,train,GF1050_T,"Unemployment, Transactions",standard,monetary,978,68,,escalated,0.0,,True,False,False,,
imf_gfs,gfs,train,GF1060_T,"Housing, Transactions",standard,monetary,978,68,,escalated,0.0,,True,False,False,,
imf_gfs,gfs,train,GF1070_T,"Social exclusion n.e.c., Transactions",standard,monetary,978,68,,escalated,0.0,,True,False,False,,
imf_gfs,gfs,train,GF0230_T,"Foreign military aid, Transactions",standard,monetary,970,69,,escalated,0.0,,True,False,False,,
imf_gfs,gfs,train,GF0350_T,"R&D Public order and safety, Transactions",standard,monetary,967,67,,escalated,0.0,,True,False,False,,
imf_gfs,gfs,train,GF0220_T,"Civil defence, Transactions",standard,monetary,960,68,,escalated,0.0,,True,False,False,,
imf_gfs,gfs,train,GF0240_T,"R&D Defence, Transactions",standard,monetary,960,67,,escalated,0.0,,True,False,False,,
imf_gfs,gfs,train,GF0850_T,"R&D Recreation, culture and religion, Transactions",standard,monetary,955,69,,escalated,0.0,,True,False,False,,
imf_gfs,gfs,train,GF1030_T,"Survivors, Transactions",standard,monetary,950,67,,escalated,0.0,,True,False,False,,
imf_gfs,gfs,train,GF0650_T,"R&D Housing and community amenities, Transactions",standard,monetary,941,66,,escalated,0.0,,True,False,False,,
imf_gfs,gfs,train,GF1080_T,"R&D Social protection, Transactions",standard,monetary,940,67,,escalated,0.0,,True,False,False,,
imf_gfs,gfs,train,GF0150_T,"R&D General public services, Transactions",standard,monetary,934,66,,escalated,0.0,,True,False,False,,
imf_gfs,gfs,train,NFA_A_SP,"Nonfinancial assets, Stock positions",standard,monetary,476,33,asset.current.inventory,tier2_keyword,0.85,tier2:asset.current.inventory:stock,True,False,True,,
imf_gfs,gfs,train,G6_A_SP,"Net worth, Assets, Stock positions",standard,monetary,459,32,asset.current.inventory,tier2_keyword,0.85,tier2:asset.current.inventory:stock,True,False,True,,
imf_gfs,gfs,train,GGB_T,"Government balance per national definition, Transactions",standard,monetary,94,10,,escalated,0.0,,True,False,True,,
imf_gfs,gfs,train,FA_A_SP,"Financial assets, Stock positions",standard,monetary,0,0,asset.current.inventory,tier2_keyword,0.85,tier2:asset.current.inventory:stock,True,False,False,,
imf_gfs,gfs,train,GF066_T,"Housing and community amenities n.e.c., Transactions",standard,monetary,0,0,,escalated,0.0,,True,False,False,,
imf_gfs,gfs,train,L_SP,"Liabilities, Stock positions",standard,monetary,0,0,asset.current.inventory,tier2_keyword,0.85,tier2:asset.current.inventory:stock,True,False,False,,
