fxo_id,entity_identifier,country,period_end,window,json_url,sha256_recorded,n_facts,n_concepts,n_ifrs_full,n_extension
0W5QHUNYV4W7GJO62R27-2020-12-31-ESEF-AT-1,0W5QHUNYV4W7GJO62R27,AT,2020-12-31,train,/0W5QHUNYV4W7GJO62R27/2020-12-31/ESEF/AT/1/htb-2020-12-31.json,4934d5fabf2e8f2c3433c8ac8926c0738444a227a772a8b10391b4a271158a93,296,92,90,2
213800OJ67K27RCO2J56-2020-12-31-ESEF-AT-0,213800OJ67K27RCO2J56,AT,2020-12-31,train,/213800OJ67K27RCO2J56/2020-12-31/ESEF/AT/0/ATRI-2020-12-31.json,a4bf8720e6fef369f9776ee5b4478be5b2cd301df9902b8ba6b01ca20d3a373c,369,112,99,13
213800OJ67K27RCO2J56-2020-12-31-ESEF-AT-1,213800OJ67K27RCO2J56,AT,2020-12-31,train,/213800OJ67K27RCO2J56/2020-12-31/ESEF/AT/1/ATRI-2020-12-31.json,6c7a1c1f9186fd431fc44c794bab7615c7c878883bd5ab80283f11b3abad469f,379,112,99,13
5299000DUMZ99SBBX121-2020-12-31-ESEF-AT-0,5299000DUMZ99SBBX121,AT,2020-12-31,train,/5299000DUMZ99SBBX121/2020-12-31/ESEF/AT/0/5299000DUMZ99SBBX121-2020-12-31.json,dc199f6cffe95db740f76cea6517fe592d1b6aab83da05fa3dad0502fd3532af,387,137,120,17
5299000ML1154IW9K192-2020-12-31-ESEF-AT-0,5299000ML1154IW9K192,AT,2020-12-31,train,/5299000ML1154IW9K192/2020-12-31/ESEF/AT/0/novomaticag-2020-12-31.json,3b2298e8d48c1dec42a50590d4d2ebee13bc0df6bbbc39dc0fa9829b196e2d2a,356,114,96,18
213800H2CDP9I374WH83-2020-12-31-ESEF-BE-0,213800H2CDP9I374WH83,BE,2020-12-31,train,/213800H2CDP9I374WH83/2020-12-31/ESEF/BE/0/titancement-2020-12-31AR.json,4706d4f6cba6719f67494ca756ffca9308fe7a94ce8f529d0853592a5ef06339,580,124,106,18
213800H2CDP9I374WH83-2020-12-31-ESEF-BE-1,213800H2CDP9I374WH83,BE,2020-12-31,train,/213800H2CDP9I374WH83/2020-12-31/ESEF/BE/1/titancement-2020-12-31AR.json,8e3e380bc3b1cec51f29007b01506cfcc566293f617521fc8664f7ef71a17f98,580,124,106,18
315700NENYPIXFR94T49-2020-12-31-ESEF-BE-0,315700NENYPIXFR94T49,BE,2020-12-31,train,/315700NENYPIXFR94T49/2020-12-31/ESEF/BE/0/315700NENYPIXFR94T49-2020-12-31.json,0c6002f12ec7f76f7cff6415228ef3a01d5908998e9e18bf51a17a01edfc2515,204,82,74,8
5493006G5O9JP185PU76-2020-12-31-ESEF-BE-0,5493006G5O9JP185PU76,BE,2020-12-31,train,/5493006G5O9JP185PU76/2020-12-31/ESEF/BE/0/econocom-2020-12-31AR.json,c6f403ce547d247dcdbec17da1d13b4c8d12e0a58f9700814a2b59e7561de708,438,138,99,39
5493008SR6XZECH6BN71-2020-12-31-ESEF-BE-0,5493008SR6XZECH6BN71,BE,2020-12-31,train,/5493008SR6XZECH6BN71/2020-12-31/ESEF/BE/0/5493008SR6XZECH6BN71-2020-12-31.json,ef1b521abb3c19ae22e7abb7c9c0ba4bfe456116c6d3562eab50c8c24b675286,328,113,97,16
2138003DUDZ8R67LEO26-2021-12-31-ESEF-CY-0,2138003DUDZ8R67LEO26,CY,2021-12-31,train,/2138003DUDZ8R67LEO26/2021-12-31/ESEF/CY/0/Blue-Island-2021-12-31.json,0b4e3029548ad47d1e72daa64b135285c7502bc077a473c3f5a9698576c00cab,201,81,81,0
2138003E6AHESY1SPW44-2021-12-31-ESEF-CY-0,2138003E6AHESY1SPW44,CY,2021-12-31,train,/2138003E6AHESY1SPW44/2021-12-31/ESEF/CY/0/2138003E6AHESY1SPW44-2021-12-31_el.json,c634e57083944bc723eee9e7462a23a9337bfb9ed70b82b1f520f63c258c0a6f,216,79,66,13
21380045SZ5TC6QV4H71-2021-12-31-ESEF-CY-0,21380045SZ5TC6QV4H71,CY,2021-12-31,train,/21380045SZ5TC6QV4H71/2021-12-31/ESEF/CY/0/21380045SZ5TC6QV4H71-2021-12-31-el.json,5cfa0d44ef58a617d4197d70cf15958879f87a63a1385537b79bef73c4c24e3e,109,44,42,2
2138004BSTFFGSKF4X46-2021-12-31-ESEF-CY-0,2138004BSTFFGSKF4X46,CY,2021-12-31,train,/2138004BSTFFGSKF4X46/2021-12-31/ESEF/CY/0/2138004BSTFFGSKF4X46-2021-12-31-el.json,4ce019635bde4b8bc05caee6a160fe96473dc4e84e2bea38caae17e78c8b5e54,314,91,83,8
2138005EK8KF8ID61A07-2021-12-31-ESEF-CY-0,2138005EK8KF8ID61A07,CY,2021-12-31,train,/2138005EK8KF8ID61A07/2021-12-31/ESEF/CY/0/2138005EK8KF8ID61A07-2021-12-31-el.json,0b825ff244b8d59f99981a49b2901dab4e1bf48d31438761dcecdb417e88d3d4,191,80,75,5
31570010000000026673-2020-12-31-ESEF-CZ-0,31570010000000026673,CZ,2020-12-31,train,/31570010000000026673/2020-12-31/ESEF/CZ/0/equa-2020-12-31.json,623da32e06d0c964ca3ae0f519b0e0cbab35afa38732c1928c0e3a58c9f7ac9e,222,72,69,3
31570010000000043842-2020-12-31-ESEF-CZ-0,31570010000000043842,CZ,2020-12-31,train,/31570010000000043842/2020-12-31/ESEF/CZ/0/31570010000000043842-2020-12-31.json,84c6ffde615633a25eb8d34fdb470ee385f0272135f388c313b64d3208f1c9f2,473,111,102,9
31570010000000102818-2020-12-31-ESEF-CZ-0,31570010000000102818,CZ,2020-12-31,train,/31570010000000102818/2020-12-31/ESEF/CZ/0/Konsolidovaná VZ 2020_UNIMEX GROUP uzavreny investicni fond.json,a50a3b593f7cdaeb9a92da23627a7f2d41b29e3f048b1555ad40122884662b15,111,47,47,0
3157001WZJ5O35EAL536-2020-12-31-ESEF-CZ-0,3157001WZJ5O35EAL536,CZ,2020-12-31,train,/3157001WZJ5O35EAL536/2020-12-31/ESEF/CZ/0/SAZKAGroup-2020-12-31.json,c63c7b864c89d8ca18504e18d5c1e133611f935994e16b5cb461f734ab587a90,498,151,120,31
3157004ICDH3MRKW7534-2020-12-31-ESEF-CZ-0,3157004ICDH3MRKW7534,CZ,2020-12-31,train,/3157004ICDH3MRKW7534/2020-12-31/ESEF/CZ/0/3157004ICDH3MRKW7534-2020-12-31.json,3c60106b022fe76b3cc4f65449c8fdece1c86c7c6696f6631f7415bf4bdffd14,393,104,102,2
549300W2PCC9TKJTB657-2018-06-30-ESEF-DK-0,549300W2PCC9TKJTB657,DK,2018-06-30,train,/549300W2PCC9TKJTB657/2018-06-30/ESEF/DK/0/549300W2PCC9TKJTB657-2018-06-30-da.json,e40793c71449884271ccfd114c123aa5a13053d306a00eddaf5df028d2f0b836,40,29,27,2
21380031XTLI9X5MTY92-2020-12-31-ESEF-DK-0,21380031XTLI9X5MTY92,DK,2020-12-31,train,/21380031XTLI9X5MTY92/2020-12-31/ESEF/DK/0/SOLA-2020-12-31.json,dd12970ca87ca66ea9ee0dd431cbdf62677585eb572601185e6a2e304cbb2b6c,306,108,98,10
21380051RCIXDBLT6P16-2020-12-31-ESEF-DK-0,21380051RCIXDBLT6P16,DK,2020-12-31,train,/21380051RCIXDBLT6P16/2020-12-31/ESEF/DK/0/21380051RCIXDBLT6P16-2020-12-31_en.json,dd78ca67acfbeeae67244e5c3d4e110a624bbfbc209a4d16f1395f401075fd96,514,111,94,17
2138005U9L9SQAT4SQ74-2020-12-31-ESEF-DK-0,2138005U9L9SQAT4SQ74,DK,2020-12-31,train,/2138005U9L9SQAT4SQ74/2020-12-31/ESEF/DK/0/2138005U9L9SQAT4SQ74-2020-12-31_en.json,ff6037ef1213885be8320ab6da2814d9b6dd0d3ac1ef59d4a92f57f6f51839c3,278,86,74,12
2138008YD1QPCDECIJ70-2020-12-31-ESEF-DK-0,2138008YD1QPCDECIJ70,DK,2020-12-31,train,/2138008YD1QPCDECIJ70/2020-12-31/ESEF/DK/0/gyldendal-2020-12-31.json,6f77480ff6659a6305e647feda68d970afed69477d020a3f45bd4d55b12e7121,307,108,92,16
25490093MDYISEP1Y539-2020-12-31-ESEF-EE-0,25490093MDYISEP1Y539,EE,2020-12-31,train,/25490093MDYISEP1Y539/2020-12-31/ESEF/EE/0/25490093MDYISEP1Y539-2020-12-31.json,2d40db63134d96c855ed3cc46d3e5fd3216cd112aca4cc4cf64f9aef3400d2a3,244,79,77,2
25490093MDYISEP1Y539-2020-12-31-ESEF-EE-1,25490093MDYISEP1Y539,EE,2020-12-31,train,/25490093MDYISEP1Y539/2020-12-31/ESEF/EE/1/25490093MDYISEP1Y539-2020-12-31.json,df4d120b77118dacd7f1410a05631dd2f2ad6b091bf6c3d1dfc8b2c95547d873,244,79,77,2
48510000D8HSLK854I81-2020-12-31-ESEF-EE-0,48510000D8HSLK854I81,EE,2020-12-31,train,/48510000D8HSLK854I81/2020-12-31/ESEF/EE/0/48510000D8HSLK854I81-2020-12-31.json,a3f0f95490923567ea7afc0210572600c43b3480baeab50cb36e397c6a3b2ee2,315,91,89,2
48510000D8HSLK854I81-2020-12-31-ESEF-EE-1,48510000D8HSLK854I81,EE,2020-12-31,train,/48510000D8HSLK854I81/2020-12-31/ESEF/EE/1/48510000D8HSLK854I81-2020-12-31.json,52348a8e8a1a8d9426c98a7ad1a2acf9fddf939a1a788313304fe3008d20a3c0,315,91,89,2
48510000I3W254YEMG75-2020-12-31-ESEF-EE-0,48510000I3W254YEMG75,EE,2020-12-31,train,/48510000I3W254YEMG75/2020-12-31/ESEF/EE/0/48510000I3W254YEMG75-2020-12-31.json,a700be86c93658da1a683eb8703ca4a0e540529b298f3ddc3b6f859f678dfd4f,186,70,62,8
213800IMKAUV5KW28586-2020-12-31-ESEF-ES-0,213800IMKAUV5KW28586,ES,2020-12-31,train,/213800IMKAUV5KW28586/2020-12-31/ESEF/ES/0/renta4banco.json,b7e61faa3869c3f977919dc84f985b4859cf2cb0cb60ad4a0c5b2a3add96a2bc,694,187,116,71
213800OU3FQKGM4M2U23-2020-12-31-ESEF-ES-0,213800OU3FQKGM4M2U23,ES,2020-12-31,train,/213800OU3FQKGM4M2U23/2020-12-31/ESEF/ES/0/213800OU3FQKGM4M2U23-20201231.json,01711fe9ebd94a8d9c14483c5c95b98c016308b827ee529d2d1e406dc1b0ca8f,376,134,101,33
259400T6ZDQIMDBGDN42-2020-12-31-ESEF-ES-0,259400T6ZDQIMDBGDN42,ES,2020-12-31,train,/259400T6ZDQIMDBGDN42/2020-12-31/ESEF/ES/0/259400T6ZDQIMDBGDN42-2020-12-31.json,d72ffb70bff68a5e3c0ad734867bdea8c5dae18fe2f20be00fb2de1ac598efe9,328,109,96,13
529900MUFAH07Q1TAX06-2020-12-31-ESEF-ES-0,529900MUFAH07Q1TAX06,ES,2020-12-31,train,/529900MUFAH07Q1TAX06/2020-12-31/ESEF/ES/0/529900MUFAH07Q1TAX06-2020-12-31AR.json,ec109ffbe8f081194f662479217f2cb8ce82129f4ad601b1edc7342599d0d144,524,127,89,38
5493000LM0MZ4JPMGM90-2020-12-31-ESEF-ES-0,5493000LM0MZ4JPMGM90,ES,2020-12-31,train,/5493000LM0MZ4JPMGM90/2020-12-31/ESEF/ES/0/5493000LM0MZ4JPMGM90-20201231.json,f31c81edc935105417f86606ddea602f569d25777d871fc32d69c0d0f6b3722d,580,226,151,75
2138007FRMWVPUDCMA45-2020-12-31-ESEF-FI-0,2138007FRMWVPUDCMA45,FI,2020-12-31,train,/2138007FRMWVPUDCMA45/2020-12-31/ESEF/FI/0/Neles-2020-12-31.json,e0cb7b158a7ee4ce5c33709fb600a95e5860f52e2449d27219d20a51b758bcaf,411,152,125,27
2138007FRMWVPUDCMA45-2020-12-31-ESEF-FI-1,2138007FRMWVPUDCMA45,FI,2020-12-31,train,/2138007FRMWVPUDCMA45/2020-12-31/ESEF/FI/1/Neles-2020-12-31.json,12bdefd954b862f35a277e576869fac9300f3f78674780df76d11aefb9549b45,412,152,125,27
213800D9O7FUQDH83V62-2020-12-31-ESEF-FI-0,213800D9O7FUQDH83V62,FI,2020-12-31,train,/213800D9O7FUQDH83V62/2020-12-31/ESEF/FI/0/213800D9O7FUQDH83V62-2020-12-31.json,b66c4100fb8af73059aa53a43d5f97e24ac89694c7bfe8a77c93df390362d174,353,116,110,6
213800F2MJ5Z2TAQ1726-2020-12-31-ESEF-FI-0,213800F2MJ5Z2TAQ1726,FI,2020-12-31,train,/213800F2MJ5Z2TAQ1726/2020-12-31/ESEF/FI/0/am1-2020-12-31.json,2612cbe8fcff0ee18f3e128454f8026f6abd8ee0102f9ccaf87749d42a778289,351,108,100,8
52990007AXNSS4PNX352-2020-12-31-ESEF-FI-0,52990007AXNSS4PNX352,FI,2020-12-31,train,/52990007AXNSS4PNX352/2020-12-31/ESEF/FI/0/AltiaOyj-2020-12-31.json,caff9e5dfb7326ab2b1b7eb9e81cd8ceaa4e7ca55fd3b7b8927e54e329b5f499,358,98,97,1
1VUV7VQFKUOQSJ21A208-2020-12-31-ESEF-FR-0,1VUV7VQFKUOQSJ21A208,FR,2020-12-31,train,/1VUV7VQFKUOQSJ21A208/2020-12-31/ESEF/FR/0/1VUV7VQFKUOQSJ21A208-2020-12-31AR.json,bd2b387e880b0c6097a9b39be3510b0887f6bce4f9a281838f8a4ee7a8620c80,858,152,92,60
4N6SD705LP5XZKA2A097-2020-12-31-ESEF-FR-0,4N6SD705LP5XZKA2A097,FR,2020-12-31,train,/4N6SD705LP5XZKA2A097/2020-12-31/ESEF/FR/0/4N6SD705LP5XZKA2A097-2020-12-31AR.json,8704779d2c6c7c921bb6b196ac74c6872b86759df29b03cae7c71bbae2eb4467,512,139,122,17
5493007KMDG4MFIGJJ63-2020-12-31-ESEF-FR-0,5493007KMDG4MFIGJJ63,FR,2020-12-31,train,/5493007KMDG4MFIGJJ63/2020-12-31/ESEF/FR/0/maunakeatech-2020-12-31AR.json,b47896eefe5a324efa0328688c8e88861c067d3eb96d161dfe059073be7ef377,266,93,79,14
549300AK8Y0LBIQ4T071-2020-12-31-ESEF-FR-0,549300AK8Y0LBIQ4T071,FR,2020-12-31,train,/549300AK8Y0LBIQ4T071/2020-12-31/ESEF/FR/0/549300AK8Y0LBIQ4T071-2020-12-31AR.json,ba8b8dc22568008f94917a09e24a1fb75116e0358de683b157f9da2c57d52702,333,122,90,32
549300E6W08778I4OW85-2020-12-31-ESEF-FR-0,549300E6W08778I4OW85,FR,2020-12-31,train,/549300E6W08778I4OW85/2020-12-31/ESEF/FR/0/caffil-2020-12-31AR.json,cc1b40ebc7d088a93cbd6c2b47b3a807b61bdbeacf1175eb18fd492305871c46,283,89,65,24
2138002W9Q21PF751R30-2020-12-31-ESEF-GB-0,2138002W9Q21PF751R30,GB,2020-12-31,train,/2138002W9Q21PF751R30/2020-12-31/ESEF/GB/0/2138002W9Q21PF751R30-2020-12-31-T01.json,65bd0278cdb495f8d5dc2dba4c002d572afe3e9c98da226b6438b2977749787d,319,104,91,13
213800B6P256B5XN8D32-2020-12-31-ESEF-GB-0,213800B6P256B5XN8D32,GB,2020-12-31,train,/213800B6P256B5XN8D32/2020-12-31/ESEF/GB/0/213800B6P256B5XN8D32-2020-12-31-T01.json,1c1932352bc600d8188c04e49997ffb799b18714a2a9e3321bb391f373982e91,444,101,95,6
213800FKA5MF17RJKT63-2020-12-31-ESEF-GB-0,213800FKA5MF17RJKT63,GB,2020-12-31,train,/213800FKA5MF17RJKT63/2020-12-31/ESEF/GB/0/213800FKA5MF17RJKT63-2020-12-31-T01.json,e46ccd94a1a907e11bcb954f0e7a4add31d6791d8e875ac09550d05f1b1bf3de,476,124,107,17
213800IGT65IMJDO4S03-2020-12-31-ESEF-GB-0,213800IGT65IMJDO4S03,GB,2020-12-31,train,/213800IGT65IMJDO4S03/2020-12-31/ESEF/GB/0/213800IGT65IMJDO4S03-2020-12-31-T01.json,5ac1dcbd180ea76452683893c185864b1474b04079532a3a65831c416d0921b5,380,108,98,10
213800J17UJJJDGUVF56-2020-12-31-ESEF-GB-0,213800J17UJJJDGUVF56,GB,2020-12-31,train,/213800J17UJJJDGUVF56/2020-12-31/ESEF/GB/0/213800J17UJJJDGUVF56-2020-12-31-T01.json,6a6f5f743fa018a70ca01d1c217f635445befcbc9c2e9817879e516779919881,262,98,89,9
2138003J1IUF4RSQ4K72-2021-12-31-ESEF-GR-0,2138003J1IUF4RSQ4K72,GR,2021-12-31,train,/2138003J1IUF4RSQ4K72/2021-12-31/ESEF/GR/0/2138003J1IUF4RSQ4K72-2021-12-31-en.json,7f94bdc8b0883bba001792dbc56770662389c52f8026e8ecb96b7b3ed91d7d31,721,109,97,12
2138003J1IUF4RSQ4K72-2021-12-31-ESEF-GR-1,2138003J1IUF4RSQ4K72,GR,2021-12-31,train,/2138003J1IUF4RSQ4K72/2021-12-31/ESEF/GR/1/2138003J1IUF4RSQ4K72-2021-12-31-en.json,d9a5c7c22218e3f65a7c34ddd1cbc9b85587c7230f006d9091baeea9b2532907,721,109,97,12
2138003TO2MTRHWVP686-2021-12-31-ESEF-GR-0,2138003TO2MTRHWVP686,GR,2021-12-31,train,/2138003TO2MTRHWVP686/2021-12-31/ESEF/GR/0/2138003TO2MTRHWVP686-2021-12-31-en.json,7ad26a2185f68e32d5b0fec067f964904b3b9f00345673f02f7a13b1ea3b979b,533,178,141,37
21380044V7NMV5WGP427-2021-12-31-ESEF-GR-0,21380044V7NMV5WGP427,GR,2021-12-31,train,/21380044V7NMV5WGP427/2021-12-31/ESEF/GR/0/21380044V7NMV5WGP427-2021-12-31-en.json,cdd0771ff99d74765ea895c261624522c4408a1e70c4edd175c1b9446d292b00,367,102,90,12
21380051TUVZ3KYK5G44-2021-12-31-ESEF-GR-0,21380051TUVZ3KYK5G44,GR,2021-12-31,train,/21380051TUVZ3KYK5G44/2021-12-31/ESEF/GR/0/21380051TUVZ3KYK5G44-2021-12-31-en.json,f64f8daf9745cb46efd3ad14518090ae58214e96b98ea1ec185c1c9e1235eb83,421,110,103,7
529900NRAH6YWL3TLD24-2020-12-31-ESEF-HR-0,529900NRAH6YWL3TLD24,HR,2020-12-31,train,/529900NRAH6YWL3TLD24/2020-12-31/ESEF/HR/0/JGL_2020_godisnje_izvjesce.json,3aeb292e9797b45e23e8cc628b24d1214eaed810bec7fd47a3e1c149a7c8c5d7,706,111,90,21
74780000Y04HB9CIA883-2020-12-31-ESEF-HR-0,74780000Y04HB9CIA883,HR,2020-12-31,train,/74780000Y04HB9CIA883/2020-12-31/ESEF/HR/0/74780000Y04HB9CIA883-2020-12-31.json,2a08b0555ad9400336eb6fb9d21fe28d583128c34032e66802526db416957e15,496,73,69,4
74780000Y04HB9CIA883-2020-12-31-ESEF-HR-1,74780000Y04HB9CIA883,HR,2020-12-31,train,/74780000Y04HB9CIA883/2020-12-31/ESEF/HR/1/74780000Y04HB9CIA883-2020-12-31.json,99804e5a9bedde505d139181fac1b4f414ebb988a65613c103465a03577e48bc,496,73,69,4
097900BFHJ0000029454-2021-12-31-ESEF-HR-0,097900BFHJ0000029454,HR,2021-12-31,train,/097900BFHJ0000029454/2021-12-31/ESEF/HR/0/Financial statements 2021 HT Group ENG_v10 - final.json,de018ec4cf696db35e8db121ba32637d69e54f16710b1bf062a9f29d9923eac3,501,131,122,9
097900BFHJ0000029454-2021-12-31-ESEF-HR-1,097900BFHJ0000029454,HR,2021-12-31,train,/097900BFHJ0000029454/2021-12-31/ESEF/HR/1/Financial statements 2021 HT Separate ENG_v10 - final.json,22888afed604cdd7c6f363bf5d08935eaec3c4000bd6ed6d2b4bd271392470a7,416,124,111,13
213800C4SW6CHEFZ3P89-2020-12-31-ESEF-HU-0,213800C4SW6CHEFZ3P89,HU,2020-12-31,train,/213800C4SW6CHEFZ3P89/2020-12-31/ESEF/HU/0/213800C4SW6CHEFZ3P89-2020-12-31_hu.json,c1e9861b386f0967f84f308543249f5ff787cb157f153ee52849e6ebb0578c30,296,98,88,10
529900D05TGFDEQACZ88-2020-12-31-ESEF-HU-0,529900D05TGFDEQACZ88,HU,2020-12-31,train,/529900D05TGFDEQACZ88/2020-12-31/ESEF/HU/0/PannErgy Nyrt_Konszolidalt_HUF-2020-12-31.json,4a5b4e1117f37f1c354539705ef0b3af54f0999522bfec8b1f0ad728d9a5645d,242,102,91,11
213800C4SW6CHEFZ3P89-2021-12-31-ESEF-HU-0,213800C4SW6CHEFZ3P89,HU,2021-12-31,train,/213800C4SW6CHEFZ3P89/2021-12-31/ESEF/HU/0/213800C4SW6CHEFZ3P89-2021-12-31-hu.json,9552ea7718a54742bcb2f969bd262f0480d24991a4be1e1a9a319b204073e1ef,276,84,77,7
213800R83KX5FQFGXS67-2021-12-31-ESEF-HU-0,213800R83KX5FQFGXS67,HU,2021-12-31,train,/213800R83KX5FQFGXS67/2021-12-31/ESEF/HU/0/Mol Group 2021 Financial Report HUN ifrs_pr.json,879a595cc9a7f402a49b466ea9776d774f52309ac09360fe093cbc0768869f6b,451,121,115,6
213800R83KX5FQFGXS67-2021-12-31-ESEF-HU-1,213800R83KX5FQFGXS67,HU,2021-12-31,train,/213800R83KX5FQFGXS67/2021-12-31/ESEF/HU/1/Mol Group 2021 Financial Report ENG ifrs_pr.json,cb4c2d9aa244c9f27af7df27a7ff4fb0ff9011f4af182161e66334e5746a2be8,446,121,115,6
2138005WRSDC4DI3BJ43-2021-12-31-ESEF-IS-0,2138005WRSDC4DI3BJ43,IS,2021-12-31,train,/2138005WRSDC4DI3BJ43/2021-12-31/ESEF/IS/0/eik-2021-12-31.json,514a17d83d0ce300b23ae5b8545a9e93f9d58027892d60792298db8f5ef2c478,194,76,71,5
213800QFQIHO7KG2P786-2021-12-31-ESEF-IS-0,213800QFQIHO7KG2P786,IS,2021-12-31,train,/213800QFQIHO7KG2P786/2021-12-31/ESEF/IS/0/213800QFQIHO7KG2P786-2021-12-31-en.json,ae30282e38f2a1dbb15e8d198cfd22c892b902af701783cd750ba27181529d71,184,78,66,12
213800R3IXBON2LBEI63-2021-12-31-ESEF-IS-0,213800R3IXBON2LBEI63,IS,2021-12-31,train,/213800R3IXBON2LBEI63/2021-12-31/ESEF/IS/0/213800R3IXBON2LBEI63-2021-12-31-is.json,b6d0ba37ecb96f87a7edd3565193b17990865f62c0460af3ebfdb43e62ef1151,189,75,63,12
254900CJS0OI5B8GO668-2021-12-31-ESEF-IS-0,254900CJS0OI5B8GO668,IS,2021-12-31,train,/254900CJS0OI5B8GO668/2021-12-31/ESEF/IS/0/254900CJS0OI5B8GO668-2021-12-31-en.json,7c7f07e52a1b8e7ab25cce51039de74f36592965dd93ef6ba4a36d1a46dcafd5,353,93,78,15
254900WR3I1Z9NPC7D84-2021-12-31-ESEF-IS-0,254900WR3I1Z9NPC7D84,IS,2021-12-31,train,/254900WR3I1Z9NPC7D84/2021-12-31/ESEF/IS/0/254900WR3I1Z9NPC7D84-2021-12-31-en.json,5a75c42e654214a9b957ac6f5d69cde73b127156817ada8aa49301e01bbb9c84,396,125,99,26
213800V41GEZTRIJT462-2021-12-31-ESEF-IT-0,213800V41GEZTRIJT462,IT,2021-12-31,train,/213800V41GEZTRIJT462/2021-12-31/ESEF/IT/0/213800V41GEZTRIJT462-2021-12-31-it.json,1105638cccb7d437dc87d4a7fb2c7f0e803465a81188d7c7020cf0c9cd4b772a,281,99,84,15
213800VELZNZPB4AAD87-2021-12-31-ESEF-IT-0,213800VELZNZPB4AAD87,IT,2021-12-31,train,/213800VELZNZPB4AAD87/2021-12-31/ESEF/IT/0/213800VELZNZPB4AAD87-2021-12-31-it.json,30d528fe026c25452b81a9f3b10f13448e164813b11d4ec53a1bb6bf5c6392ac,275,89,82,7
213800VELZNZPB4AAD87-2021-12-31-ESEF-IT-1,213800VELZNZPB4AAD87,IT,2021-12-31,train,/213800VELZNZPB4AAD87/2021-12-31/ESEF/IT/1/213800VELZNZPB4AAD87-2021-12-31-it.json,45546810c58f3906b9c8e457b3bfa9f0f6c4c54374b498fdf2e15bc05aa84c7d,275,89,82,7
2W8N8UU78PMDQKZENC08-2021-12-31-ESEF-IT-0,2W8N8UU78PMDQKZENC08,IT,2021-12-31,train,/2W8N8UU78PMDQKZENC08/2021-12-31/ESEF/IT/0/2W8N8UU78PMDQKZENC08-2021-12-31.json,8a2b929ee965b7ab038dd389627d72127ceae7dda5fec1690f33cd6767973a35,864,198,90,108
2W8N8UU78PMDQKZENC08-2021-12-31-ESEF-IT-1,2W8N8UU78PMDQKZENC08,IT,2021-12-31,train,/2W8N8UU78PMDQKZENC08/2021-12-31/ESEF/IT/1/2W8N8UU78PMDQKZENC08-2021-12-31.json,b356acdb01133b07c8bf263302ef2b55973109526cf628093dceccb388bd5058,864,198,90,108
097900BGMP0000061061-2020-12-31-ESEF-LT-0,097900BGMP0000061061,LT,2020-12-31,train,/097900BGMP0000061061/2020-12-31/ESEF/LT/0/abambergrid-2020-12-31.json,6fc35d7146bb1b0e5c13da0bcd565ed2e4380adb95de5f2f146eaa5c800972a9,573,107,100,7
097900BGMP0000061061-2020-12-31-ESEF-LT-1,097900BGMP0000061061,LT,2020-12-31,train,/097900BGMP0000061061/2020-12-31/ESEF/LT/1/abambergrid-2020-12-31.json,58de5cb461d372cd5a6ef6ace6cb56a66a7f967ab76cdc232c441642e3dcfe5c,573,107,100,7
097900BGMP0000061061-2021-12-31-ESEF-LT-0,097900BGMP0000061061,LT,2021-12-31,train,/097900BGMP0000061061/2021-12-31/ESEF/LT/0/abambergrid-2021-12-31-en.json,29d3608a45b8b29a566e4019d8cfec801fe0de3de43cf2730f9468f80fa3aca9,606,113,108,5
097900BGMP0000061061-2021-12-31-ESEF-LT-1,097900BGMP0000061061,LT,2021-12-31,train,/097900BGMP0000061061/2021-12-31/ESEF/LT/1/abambergrid-2021-12-31-lt.json,bb5d578714ae51c33fc47a25717c4f236d1b2103f9e76814105102e159ec5c05,606,113,108,5
259400GEFKUE2SDJIY70-2021-12-31-ESEF-LT-0,259400GEFKUE2SDJIY70,LT,2021-12-31,train,/259400GEFKUE2SDJIY70/2021-12-31/ESEF/LT/0/abutenostrikotazas-2021-12-31-en.json,026a9a5d130645b564cb6f651abb71c4f343d82a2d3ff280c41b910a04ee44e7,612,107,98,9
2138005O9XJIJN4JPN90-2021-12-31-ESEF-LU-0,2138005O9XJIJN4JPN90,LU,2021-12-31,train,/2138005O9XJIJN4JPN90/2021-12-31/ESEF/LU/0/2138005O9XJIJN4JPN90-2021-12-31-T01.json,88f2dfbf721ae0ba56b7ad10b71cc87ca0ee64d1c85dc11c5e3c3f9e311f2488,618,179,106,73
2138009J99K1RG6E5925-2021-12-31-ESEF-LU-0,2138009J99K1RG6E5925,LU,2021-12-31,train,/2138009J99K1RG6E5925/2021-12-31/ESEF/LU/0/2138009J99K1RG6E5925-2021-12-31-en.json,6778c0c1b9b3bc3cfa445e34d324ca7a3c71f4304ea5445e67d4a5b94f4f8ca3,278,103,98,5
2138009J99K1RG6E5925-2021-12-31-ESEF-LU-1,2138009J99K1RG6E5925,LU,2021-12-31,train,/2138009J99K1RG6E5925/2021-12-31/ESEF/LU/1/2138009J99K1RG6E5925-2021-12-31-en.json,c41f0991c1ed597dd7393b87718940ee68c1b211e01682f50263dbeb7f451ef3,278,103,99,4
213800W6DPUGWBGTD766-2021-12-31-ESEF-LU-0,213800W6DPUGWBGTD766,LU,2021-12-31,train,/213800W6DPUGWBGTD766/2021-12-31/ESEF/LU/0/ISS-Global-2021-12-31-en.json,767183879fdb55902d1f134a2fbbfda065e9bb09fa4d1a2b133eea2011b2d0bb,299,99,83,16
2221001SWMFR4N4VBK57-2021-12-31-ESEF-LU-0,2221001SWMFR4N4VBK57,LU,2021-12-31,train,/2221001SWMFR4N4VBK57/2021-12-31/ESEF/LU/0/2221001SWMFR4N4VBK57-2021-12-31-it.json,190513d2d27ae061183c79de20771dc71a89845ba4c0ce5570f00b6f35ab89a5,496,119,96,23
097900BGMO0000055872-2020-12-31-ESEF-LV-0,097900BGMO0000055872,LV,2020-12-31,train,/097900BGMO0000055872/2020-12-31/ESEF/LV/0/latvijasgze-2020-12-31.json,927c58efb53cdc25f01c92902cb6c24abcf4e9a0d31bd8c5a3601b8ccb8fe582,369,77,73,4
097900BGMO0000055872-2020-12-31-ESEF-LV-1,097900BGMO0000055872,LV,2020-12-31,train,/097900BGMO0000055872/2020-12-31/ESEF/LV/1/latvijasgze-2020-12-31.json,004ec2220d97d830ac0b8b42e5541f7d1af3bbeca12487c2e010acca3f8e985d,369,77,73,4
2138002PKHUJIMVMYB13-2021-12-31-ESEF-LV-0,2138002PKHUJIMVMYB13,LV,2021-12-31,train,/2138002PKHUJIMVMYB13/2021-12-31/ESEF/LV/0/delfingroup-2021-12-31-lv.json,f9f97c5f5f877c204a6c72ff647a5f9c7fde86d7e69745b9de433bc66f86be9e,236,96,93,3
2138002PKHUJIMVMYB13-2021-12-31-ESEF-LV-1,2138002PKHUJIMVMYB13,LV,2021-12-31,train,/2138002PKHUJIMVMYB13/2021-12-31/ESEF/LV/1/delfingroup-2021-12-31-en.json,5d3b9691620c43444ce388b8d48fda84c44d37508f1a30c30a162fda6ceb71bb,236,96,93,3
213800DJRB539Q1EMW75-2021-12-31-ESEF-LV-0,213800DJRB539Q1EMW75,LV,2021-12-31,train,/213800DJRB539Q1EMW75/2021-12-31/ESEF/LV/0/latvenergo-2021-12-31-en.json,7bcc1ddc9d9e1f685377b154f4435a5b7f2116d8f965d90e83c6315f3ae9a9c4,677,120,116,4
21380032UJDLSDYKD103-2021-12-31-ESEF-MT-0,21380032UJDLSDYKD103,MT,2021-12-31,train,/21380032UJDLSDYKD103/2021-12-31/ESEF/MT/0/halmann-20211231.json,ee003c3413bd78276c9281ca2c859506eb64d53c7435f9dfc012d086ed7c1616,230,93,78,15
2138003WBERIMWQVKZ64-2021-12-31-ESEF-MT-0,2138003WBERIMWQVKZ64,MT,2021-12-31,train,/2138003WBERIMWQVKZ64/2021-12-31/ESEF/MT/0/2138003WBERIMWQVKZ64-2021-12-31-en.json,e93b62010fce4c483e00850e70331213d875082ab2696224157e7d28e10aa300,474,135,111,24
2138004MEYJUDFJ3IQ49-2021-12-31-ESEF-MT-0,2138004MEYJUDFJ3IQ49,MT,2021-12-31,train,/2138004MEYJUDFJ3IQ49/2021-12-31/ESEF/MT/0/2138004MEYJUDFJ3IQ49-2021-12-31-en.json,249c070911cc12f1fb2484184a4a2b47816344a94d75cabeccfe8e03bb6db813,733,131,107,24
2138006ZLE74ESSXZM67-2021-12-31-ESEF-MT-0,2138006ZLE74ESSXZM67,MT,2021-12-31,train,/2138006ZLE74ESSXZM67/2021-12-31/ESEF/MT/0/2138006ZLE74ESSXZM67-2021-12-31-en.json,d68d7efd8a518a70259f3da235f3c9fcd3398a1f8dc3608e8cf155b00250da83,92,34,33,1
2138008EKXNMKZRXCT63-2021-12-31-ESEF-MT-0,2138008EKXNMKZRXCT63,MT,2021-12-31,train,/2138008EKXNMKZRXCT63/2021-12-31/ESEF/MT/0/MIAP_20211231_CON_AFR_2138008EKXNMKZRXCT63.json,769153802e4aa4dd5bfa041ec78699f4cc4f2d895729aac67db533592dc068fd,160,64,57,7
529900JK6UXHY1YKZ082-2020-12-31-ESEF-NL-0,529900JK6UXHY1YKZ082,NL,2020-12-31,train,/529900JK6UXHY1YKZ082/2020-12-31/ESEF/NL/0/shop-apotheke-europe.json,d4bb78d8dbf9cba2203c91593d8835c129a339821934848dde648d832801c2c1,255,77,71,6
549300072P3J1X8NZO35-2020-12-31-ESEF-NL-0,549300072P3J1X8NZO35,NL,2020-12-31,train,/549300072P3J1X8NZO35/2020-12-31/ESEF/NL/0/sig-2020-12-31.json,0abd8cb7838ba58ff48c56f230facfe6815039265e11b29aa7681b4fdb05a026,327,114,101,13
54930036WK3GMCN17Z57-2020-12-31-ESEF-NL-0,54930036WK3GMCN17Z57,NL,2020-12-31,train,/54930036WK3GMCN17Z57/2020-12-31/ESEF/NL/0/qgen-2020-12-31.json,d13355942f6a2a0a9db5ae436edb25c592a545bf34afb43351d5708a10400d1d,333,128,113,15
549300NCMRGIBJYUOE57-2020-12-31-ESEF-NL-0,549300NCMRGIBJYUOE57,NL,2020-12-31,train,/549300NCMRGIBJYUOE57/2020-12-31/ESEF/NL/0/549300NCMRGIBJYUOE57-2020-12-31.json,db7927d4f1ad9631ac4346ea75f4367d3cb92527ebb7d336145ea255a8ba4fd3,349,104,95,9
7245001I22ND6ZFHX623-2020-12-31-ESEF-NL-0,7245001I22ND6ZFHX623,NL,2020-12-31,train,/7245001I22ND6ZFHX623/2020-12-31/ESEF/NL/0/asm-2020-12-31.json,25aff5b7a500c5eb0ce04d49031b2e58cac9f541e5366fe31bf321b5f407f3f6,236,86,78,8
